unit_id,faction,name,toughness,save,invulnerable_save,wounds,leadership,objective_control,feel_no_pain,damage_cap
f99a-af49-64c0-9bed,Aeldari - Aeldari Library,Beastmaster,,,,,,,,
790d-9fdf-b359-62ba,Aeldari - Aeldari Library,Corsair Cloud Dancer Band [Legends],,,,,,,,
758b-bfd2-96ed-52b,Aeldari - Aeldari Library,Corsair Reaver Band [Legends],,,,,,,,
4146-4127-52f7-5786,Aeldari - Aeldari Library,Corsair Skyreaver Band [Legends],,,,,,,,
cc68-ad19-7285-7a11,Aeldari - Aeldari Library,Corsair Voidreavers,,,,,,,,
cbb7-6669-a014-36fe,Aeldari - Aeldari Library,Corsair Voidscarred,,,,,,,,
b221-43a3-8bee-117c,Aeldari - Aeldari Library,Court of the Archon,,,,,,1,,
a5d3-e21b-bf13-a952,Aeldari - Aeldari Library,Cronos,,,,,,,,
6863-bf42-238a-fd0b,Aeldari - Aeldari Library,Dark Reapers,,,,,,,,
e6c2-f3b2-6d3e-c3d3,Aeldari - Aeldari Library,Dire Avengers,,,,,,,,
5374-9e93-8af2-819e,Aeldari - Aeldari Library,Fire Dragons,,,,,,,,
d729-7e1f-93a9-b1c5,Aeldari - Aeldari Library,Grotesques,,,,,,,,
e78a-4442-4ed2-66bf,Aeldari - Aeldari Library,Guardian Defenders,,,,,,,,
2311-9feb-9d0a-8154,Aeldari - Aeldari Library,Hellions,,,,,,1,,
7fcb-9262-474a-7cec,Aeldari - Aeldari Library,Howling Banshees,,,,,,,,
1529-793d-481b-82bf,Aeldari - Aeldari Library,Incubi,,,,,,,,
d20b-783-ccf6-b29d,Aeldari - Aeldari Library,Kabalite Warriors,,,,,,2,,
6a3a-7973-b509-532e,Aeldari - Aeldari Library,Mandrakes,,,,,,,,
b98b-701f-9c0c-5437,Aeldari - Aeldari Library,Rangers,,,,,,,,
2c3a-9752-2516-69ab,Aeldari - Aeldari Library,Reavers,,,,,,2,,
7c93-baac-e65f-58bd,Aeldari - Aeldari Library,Scourges,,,,,,1,,
9c94-b663-fd31-6001,Aeldari - Aeldari Library,Shadow Spectres [Legends],,,,,,,,
433-faed-ea62-c531,Aeldari - Aeldari Library,Shining Spears,,,,,,,,
c1ff-dc11-9853-e3e3,Aeldari - Aeldari Library,Shroud Runners,,,,,,,,
9270-4b93-ca59-f3ed,Aeldari - Aeldari Library,Skyweavers,,,,,,,,
5452-c4a7-59fb-f05c,Aeldari - Aeldari Library,Storm Guardians,,,,,,,,
c90f-a8e5-6afa-eb91,Aeldari - Aeldari Library,Striking Scorpions,,,,,,,,
240f-70a4-7ba7-a538,Aeldari - Aeldari Library,Swooping Hawks,,,,,,,,
5c5f-b70b-f6ee-a81e,Aeldari - Aeldari Library,Talos,,,,,,,,
dac1-6a7f-a06a-82cf,Aeldari - Aeldari Library,Troupe,,,,,,,,
814d-56c9-78fe-2123,Aeldari - Aeldari Library,Vypers,,,,,,,,
bcec-dc54-9242-4e13,Aeldari - Aeldari Library,War Walkers,,,,,,,,
d61-c058-6bd1-112f,Aeldari - Aeldari Library,Warlock Conclave,,,,,,,,
f52d-1814-7d66-1f7b,Aeldari - Aeldari Library,Warlock Skyrunners,,,,,,,,
57ec-47a8-a59a-6a46,Aeldari - Aeldari Library,Warp Spiders,,,,,,,,
592a-b255-6c58-19ec,Aeldari - Aeldari Library,Windriders,,,,,,,,
2659-7a1b-3ce6-8e4b,Aeldari - Aeldari Library,Wracks,,,,,,2,,
bb4f-4359-cc16-e6d5,Aeldari - Aeldari Library,Wraithblades,,,,,,,,
5aa4-107-d7ee-f0f3,Aeldari - Aeldari Library,Wraithguard,,,,,,,,
edca-1a1b-902d-421a,Aeldari - Aeldari Library,Wyches,,,,,,2,,
5bf7-f905-8fab-43b4,Aeldari - Aeldari Library,Ynnari Incubi,,,,,,,,
807b-0b72-5908-a3d4,Aeldari - Aeldari Library,Ynnari Kabalite Warriors,,,,,,,,
915d-ad53-9518-7a85,Aeldari - Aeldari Library,Ynnari Reavers,,,,,,,,
36fd-7c3f-b728-c5d4,Aeldari - Aeldari Library,Ynnari Wyches,,,,,,,,
2de0-5897-f724-a592,Chaos - Daemons Library,Beasts of Nurgle,,,,,,3,,
2f31-9132-b703-5fd8,Chaos - Daemons Library,Bloodcrushers,,,,,,2,,
4ecc-6aa5-da28-2c57,Chaos - Daemons Library,Bloodletters,,,,,,2,,
b795-b936-ad61-e407,Chaos - Daemons Library,Blue Horrors,,,,,,,,
41c2-d2e6-ae43-3beb,Chaos - Daemons Library,Daemonettes,,,,,,2,,
d1ee-8d05-4fae-1727,Chaos - Daemons Library,Fiends,,,,,,,,
5f23-4d6-f2f9-5973,Chaos - Daemons Library,Flamers,,,,,,1,,
fd31-64a2-b20f-f0bc,Chaos - Daemons Library,Flesh Hounds,,,,,,1,,
1b9e-e164-7a5a-c8b7,Chaos - Daemons Library,Furies [Legends],,,,,,1,,
e8d-bf22-b29-d20e,Chaos - Daemons Library,Hellflayers,,,,,,3,,
e403-3a9-279e-41b7,Chaos - Daemons Library,Nurglings,,,,,,0,,
e7b8-aa40-6da7-778e,Chaos - Daemons Library,Pink Horrors,,,,,,1,,
d620-146a-41cd-f28f,Chaos - Daemons Library,Plague Drones,,,,,,2,,
a5c9-6285-af1e-3cc3,Chaos - Daemons Library,Plague Toads [Legends],,,,,,2,,
d1eb-b092-d944-e729,Chaos - Daemons Library,Plaguebearers,,,,,,2,,
fd5b-9e27-797d-6a3a,Chaos - Daemons Library,Pox Riders [Legends],,,,,,2,,
550b-c5ab-5e27-f59b,Chaos - Daemons Library,Screamers,,,,,,,,
5fe1-5a7a-9f8e-21e0,Chaos - Daemons Library,Seeker Chariot [Legends],,,,,,,,
112d-8078-777f-76a5,Chaos - Daemons Library,Seekers,,,,,,,,
3b78-bfd1-fe54-cf68,Chaos - Chaos Knights,Accursed Cultists,,,,,,,,
544c-478c-06c3-271a,Chaos - Chaos Knights,Cultist Mob,,,,,,1,,
bbab-6f86-5279-be89,Chaos - Chaos Knights,Cultist Mob with Firearms [Legends],,,,,,1,,
7de7-2e7a-3454-ee84,Chaos - Chaos Knights,Dark Commune,,,,,,,,
2693-0f93-e1d8-f300,Chaos - Chaos Knights,Fellgor Beastmen,,,,,,1,,
7562-d429-6153-a823,Chaos - Chaos Knights,Gellerpox Infected [Legends],,,,,,,,
68a3-27e6-94e0-dda7,Chaos - Chaos Knights,Mutoid Vermin [Legends],,,,,,0,,
a1b1-8647-15af-9731,Chaos - Chaos Knights,Negavolt Cultists [Legends],,,,,,1,,
68ad-03fb-10b7-fc0b,Chaos - Chaos Knights,Renegade Heavy Weapons Squad [Legends],,,,,,2,,
2ad8-b5f2-1b54-0eb8,Chaos - Chaos Knights,Renegade Ogryn Beast Handler [Legends],,,,,,,,
6abc-4bee-f011-f490,Chaos - Chaos Knights,Renegade Ogryn Brutes [Legends],,,,,,1,,
6324-e721-420d-4436,Chaos - Chaos Knights,Renegade Plague Ogryns [Legends],,,,,,1,,
ce8e-af89-58fe-94bd,Chaos - Chaos Knights,Traitor Enforcer,,,,,,,,
6c40-644a-53f2-69c2,Chaos - Chaos Knights,Traitor Guardsmen Squad,,,,,,2,,
23aa-b45a-6d5d-e92b,Chaos - Chaos Space Marines,Accursed Cultists,,,,,,,,
7373-47b7-11a3-2b48,Chaos - Chaos Space Marines,Chaos Bikers,,,,,,2,,
7263-70e5-b424-61eb,Chaos - Chaos Space Marines,Chaos Spawn,,,,,,0,,
203d-c50f-a438-4982,Chaos - Chaos Space Marines,Chaos Terminator Squad,,,,,,,,
4e85-615b-5d49-dfa4,Chaos - Chaos Space Marines,Chosen,,,,,,,,
1267-78f1-7774-859,Chaos - Chaos Space Marines,Cultist Mob,,,,,,1,,
478-9d24-e5c8-c6f7,Chaos - Chaos Space Marines,Cultist Mob with Firearms [Legends],,,,,,1,,
d2b8-454a-d061-b592,Chaos - Chaos Space Marines,Dark Apostle,,,,,,,,
1780-25b8-ce0b-898d,Chaos - Chaos Space Marines,Dark Commune,,,,,,,,
cd9c-96e7-6dcb-bedf,Chaos - Chaos Space Marines,Fabius Bile,,,,,,,,
6bf7-888c-7aa6-6831,Chaos - Chaos Space Marines,Fellgor Beastmen,,,,,,1,,
e1c2-8417-403a-68,Chaos - Chaos Space Marines,Gellerpox Infected [Legends],,,,,,,,
946c-d784-c8be-f21,Chaos - Chaos Space Marines,Havocs,,,,,,,,
3832-4208-11e9-ca22,Chaos - Chaos Space Marines,Khorne Berzerkers,,,,,,,,
615-e6bf-cfd2-9384,Chaos - Chaos Space Marines,Legionaries,,,,,,,,
7299-5b5-2b56-ef50,Chaos - Chaos Space Marines,Mutilators [Legends],,,,,,,,
afed-8173-a1e0-cbae,Chaos - Chaos Space Marines,Mutoid Vermin [Legends],,,,,,0,,
9238-473a-54ee-6b0e,Chaos - Chaos Space Marines,Negavolt Cultists [Legends],,,,,,1,,
f666-1f5d-0c20-06c1,Chaos - Chaos Space Marines,Nemesis Claw,,,,,,1,,
371f-09ee-951e-88b3,Chaos - Chaos Space Marines,Noise Marines,,,,,,,,
2311-fa63-364-22a3,Chaos - Chaos Space Marines,Obliterators,,,,,,2,,
9030-f62d-417-fc92,Chaos - Chaos Space Marines,Plague Marines,,,,,,2,,
cb1-5bcf-9e36-8136,Chaos - Chaos Space Marines,Possessed,,,,,,1,,
acb5-dbf2-e3a6-ad94,Chaos - Chaos Space Marines,Raptors,,,,,,1,,
9df-7c70-84d2-e095,Chaos - Chaos Space Marines,Renegade Heavy Weapons Squad [Legends],,,,,,2,,
658e-a63f-bac7-6201,Chaos - Chaos Space Marines,Renegade Ogryn Beast Handler [Legends],,,,,,,,
24c4-fa24-67ff-eef,Chaos - Chaos Space Marines,Renegade Ogryn Brutes [Legends],,,,,,1,,
a7bb-ec24-40e6-5b8c,Chaos - Chaos Space Marines,Renegade Plague Ogryns [Legends],,,,,,1,,
f2e7-80c9-853d-2c6c,Chaos - Chaos Space Marines,Rubric Marines,,,,,,2,,
f69d-2171-5f95-9c88,Chaos - Chaos Space Marines,Traitor Enforcer,,,,,,,,
8dc5-4dcb-d77f-7d23,Chaos - Chaos Space Marines,Traitor Guardsmen Squad,,,,,,2,,
9f33-ff4a-d948-4636,Chaos - Chaos Space Marines,Warp Talons,,,,,,1,,
5f38-3bbb-ce09-485b,Chaos - Death Guard,Beasts of Nurgle,,,,,,3,,
5b4e-dcf1-5c6f-4d35,Chaos - Death Guard,Blightlord Terminators,,,,,,1,,
1d85-475f-5ab-9823,Chaos - Death Guard,Chaos Spawn,,,,,,1,,
d579-88cd-c634-f800,Chaos - Death Guard,Death Guard Cultists,,,,,,1,,
efa6-3620-2b6c-ce70,Chaos - Death Guard,Death Guard Possessed [Legends],,,,,,1,,
83e8-ebb7-785a-2115,Chaos - Death Guard,Deathshroud Terminators,,,,,,1,,
6d29-1c06-c787-64e0,Chaos - Death Guard,Gellerpox Infected [Legends],,,,,,,,
2dfd-cddb-9fef-494b,Chaos - Death Guard,Mutoid Vermin [Legends],,,,,,0,,
35b2-7490-1a7b-cd99,Chaos - Death Guard,Myphitic Blight-hauler,,,,,,,,
7e32-0162-71e2-57a0,Chaos - Death Guard,Nurglings,,,,,,0,,
cd03-e1f3-fa31-a271,Chaos - Death Guard,Plague Drones,,,,,,2,,
8467-b3a2-2597-de0d,Chaos - Death Guard,Plague Marines,,,,,,2,,
904b-0319-7b2e-2145,Chaos - Death Guard,Plaguebearers,,,,,,2,,
7c30-1e92-2faa-eb03,Chaos - Death Guard,Poxwalkers,,,,,,1,,
896c-5816-3abd-5199,Chaos - Emperor's Children,Chaos Spawn,,,,,,1,,
5926-4deb-a85d-c73a,Chaos - Emperor's Children,Chaos Terminators,,,,,,1,,
06f6-b870-4e43-4ed9,Chaos - Emperor's Children,Daemonettes,,,,,,1,,
c2ca-f754-cc05-0743,Chaos - Emperor's Children,Fiends,,,,,,,,
183e-f3bb-3ce6-7b55,Chaos - Emperor's Children,Flawless Blades,,,,,,1,,
e456-0afc-9b42-226c,Chaos - Emperor's Children,Infractors,,,,,,2,,
5817-0d6c-973c-68f8,Chaos - Emperor's Children,Noise Marines,,,,,,,,
c9df-2c38-25e5-ffc7,Chaos - Emperor's Children,Seekers,,,,,,,,
4494-dd7d-69f7-306c,Chaos - Emperor's Children,Tormentors,,,,,,2,,
aec5-4419-39e7-3e63,Chaos - Thousand Sons,Blue Horrors,,,,,,,,
60de-4c77-95e1-1337,Chaos - Thousand Sons,Chaos Spawn,,,,,,1,,
694f-a205-b260-783c,Chaos - Thousand Sons,Flamers,,,,,,1,,
4c73-cbd1-f052-80c3,Chaos - Thousand Sons,Pink Horrors,,,,,,1,,
5d3d-e13b-8b76-dad3,Chaos - Thousand Sons,Rubric Marines,,,,,,2,,
b1cf-c5-5121-92a4,Chaos - Thousand Sons,Scarab Occult Terminators,,,,,,1,,
7cbe-2406-8e67-aff5,Chaos - Thousand Sons,Screamers,,,,,,1,,
fe4b-b3a4-69b7-3088,Chaos - Thousand Sons,Sekhetar Robots,,,,,,,,
1703-3edd-5eb3-fcef,Chaos - Thousand Sons,Tzaangor Enlightened,,,,,,2,,
8b9f-917f-37c1-99c3,Chaos - Thousand Sons,Tzaangor Enlightened with Fatecaster greatbows,,,,,,2,,
f5b9-50c8-5c60-d8ea,Chaos - Thousand Sons,Tzaangors,,,,,,1,,
e65f-c7c7-1d18-1a60,Chaos - World Eaters,Bloodcrushers,,,,,,2,,
9188-4709-00ba-e5e0,Chaos - World Eaters,Bloodletters,,,,,,1,,
edde-57bf-bccc-d8b2,Chaos - World Eaters,Chaos Spawn,,,,,,1,,
45f6-8429-a1d9-2a51,Chaos - World Eaters,Chaos Terminators,,,,,,1,,
9435-1f44-7e5b-d510,Chaos - World Eaters,Eightbound,,,,,,1,,
9932-3d2b-1e47-d53b,Chaos - World Eaters,Exalted Eightbound,,,,,,1,,
b657-1743-6e3a-0838,Chaos - World Eaters,Flesh Hounds,,,,,,1,,
b399-9b66-e550-8050,Chaos - World Eaters,Goremongers,,,,,,1,,
6f81-4538-a414-251e,Chaos - World Eaters,Jakhals,,,,,,1,,
f909-00c7-8ba4-018a,Chaos - World Eaters,Khorne Berzerkers,,,,,,,,
f51d-bc51-f301-9dee,Xenos - Genestealer Cults,Aberrants,,,,,,,,
cf71-a12a-2730-c40b,Xenos - Genestealer Cults,Achilles Ridgerunners,,,,,,,,
04cc-6196-1755-ad58,Xenos - Genestealer Cults,Acolyte Hybrids with Autopistols,,,,,,,,
a197-f6c3-5d4a-5326,Xenos - Genestealer Cults,Acolyte Hybrids with Hand Flamers,,,,,,,,
3a81-2b84-bf4c-4f85,Xenos - Genestealer Cults,Atalan Jackals,,,,,,,,
8a84-a8fd-977e-9118,Xenos - Genestealer Cults,Hybrid Metamorphs,,,,,,,,
b5d2-8681-6bba-f05b,Xenos - Genestealer Cults,Neophyte Hybrids,,,,,,,,
965b-496a-3a1b-22a8,Xenos - Genestealer Cults,Purestrain Genestealers,,,,,,,,
4b94-c22e-84f9-8d32,Imperium - Adepta Sororitas,Aestred Thurga and Agathae Dolan,,,,,,,,
ca59-3760-5efc-9846,Imperium - Adepta Sororitas,Arco-Flagellants,,,,,,1,,
f26d-450d-1c55-caeb,Imperium - Adepta Sororitas,Battle Sisters Squad,,,,,,,,
f1af-4984-1a52-c5,Imperium - Adepta Sororitas,Celestian Sacresants,,,,,,,,
5d01-db4e-c389-a0bc,Imperium - Adepta Sororitas,Crusaders [Legends],,,,,,,,
8569-2390-d4db-30fd,Imperium - Adepta Sororitas,Daemonifuge,,,,,,,,
325e-1297-4d00-1f75,Imperium - Adepta Sororitas,Death Cult Assassins [Legends],,,,,,,,
d929-b22d-3040-9707,Imperium - Adepta Sororitas,Dominion Squad,,,,,,,,
3c3f-f02d-c05c-492a,Imperium - Adepta Sororitas,Mortifiers,,,,,,,,
e75d-a7ac-7fcc-d302,Imperium - Adepta Sororitas,Paragon Warsuits,,,,,,,,
327d-a6df-26b-bb9b,Imperium - Adepta Sororitas,Penitent Engines,,,,,,,,
7d63-7b55-a632-6a10,Imperium - Adepta Sororitas,Repentia Squad,,,,,,,,
c49d-f150-4b3-c118,Imperium - Adepta Sororitas,Retributor Squad,,,,,,,,
21f1-8ed6-52c6-54c7,Imperium - Adepta Sororitas,Saint Celestine,,,,,,,,
eade-6ec7-7236-bfdb,Imperium - Adepta Sororitas,Sanctifiers,,,,,,1,,
bee9-172b-7db7-f748,Imperium - Adepta Sororitas,Seraphim Squad,,,,,,,,
4269-a229-1461-67d0,Imperium - Adepta Sororitas,Sisters Novitiate Squad,,,,,,,,
22f0-a7d8-b2b6-e26,Imperium - Adepta Sororitas,Zephyrim Squad,,,,,,1,,
00ab-41c4-cf52-4ad2,Imperium - Adeptus Custodes,Agamatus Custodians,,,,,,2,,
c8a6-a4c5-703e-b717,Imperium - Adeptus Custodes,Allarus Custodians,,,,,,2,,
03bc-0141-b967-40e0,Imperium - Adeptus Custodes,Aquilon Custodians,,,,,,2,,
91b3-2e1c-e642-d213,Imperium - Adeptus Custodes,Custodian Guard,,,,,,,,
af0f-5212-907e-7125,Imperium - Adeptus Custodes,Custodian Guard with Adrasite and Pyrithite spears,,,,,,,,
9610-b148-8433-93b8,Imperium - Adeptus Custodes,Custodian Wardens,,,,,,2,,
3ec3-a4df-fdbf-5507,Imperium - Adeptus Custodes,Prosecutors,,,,,,,,
6f9f-e6aa-ba13-aab1,Imperium - Adeptus Custodes,Sagittarum Custodians,,,,,,,,
201e-e502-a8d1-3974,Imperium - Adeptus Custodes,Venatari Custodians,,,,,,,,
918b-c9ed-7af7-74df,Imperium - Adeptus Custodes,Vertus Praetors,,,,,,2,,
dd2d-568a-9c56-1b6e,Imperium - Adeptus Custodes,Vigilators,,,,,,,,
503b-f7be-eeeb-9e31,Imperium - Adeptus Custodes,Witchseekers,,,,,,,,
fd5a-f7a3-833c-85b,Imperium - Adeptus Mechanicus,Corpuscarii Electro-Priests,,,,,,1,,
841-f339-8086-efe2,Imperium - Adeptus Mechanicus,Fulgurite Electro-Priests,,,,,,1,,
7efb-de37-79c4-cccb,Imperium - Adeptus Mechanicus,Ironstrider Ballistarii,,,,,,,,
bd6c-8683-8bc4-962d,Imperium - Adeptus Mechanicus,Kastelan Robots,,,,,,,,
a46f-848-b87d-4484,Imperium - Adeptus Mechanicus,Kataphron Breachers,,,,,,1,,
7bee-a476-2167-76e7,Imperium - Adeptus Mechanicus,Kataphron Destroyers,,,,,,1,,
b31e-5003-5b63-a305,Imperium - Adeptus Mechanicus,Pteraxii Skystalkers,,,,,,1,,
958-a256-360-8620,Imperium - Adeptus Mechanicus,Pteraxii Sterylizors,,,,,,1,,
705b-2635-fcab-48f9,Imperium - Adeptus Mechanicus,Secutarii Hoplites [Legends],,,,,,1,,
7774-a50b-cb1e-8372,Imperium - Adeptus Mechanicus,Secutarii Peltasts [Legends],,,,,,1,,
5797-adb8-930-e832,Imperium - Adeptus Mechanicus,Serberys Raiders,,,,,,2,,
e775-4fe1-832b-95ca,Imperium - Adeptus Mechanicus,Serberys Sulphurhounds,,,,,,2,,
a523-606f-b05c-851e,Imperium - Adeptus Mechanicus,Servitor Battleclade,,,,,,1,,
2183-5b38-1726-2a11,Imperium - Adeptus Mechanicus,Servitors [Legends],,,,,,0,,
9b4-26b2-9e6d-a62d,Imperium - Adeptus Mechanicus,Sicarian Infiltrators,,,,,,1,,
8863-9784-8377-aa7a,Imperium - Adeptus Mechanicus,Sicarian Ruststalkers,,,,,,1,,
de59-f65c-181a-8509,Imperium - Adeptus Mechanicus,Skitarii Rangers,,,,,,2,,
ba33-c21-bddc-ab0,Imperium - Adeptus Mechanicus,Skitarii Vanguard,,,,,,2,,
d99a-6563-8c08-23c,Imperium - Adeptus Mechanicus,Sydonian Dragoons with radium jezzails,,,,,,,,
3053-c0c1-aedd-b211,Imperium - Adeptus Mechanicus,Sydonian Dragoons with taser lances,,,,,,,,
52e7-9347-3f16-9eec,Imperium - Adeptus Mechanicus,Sydonian Skatros,,,,,,1,,
fac5-a242-951a-e1b2,Imperium - Agents of the Imperium,Daemonhost [Legends],,,,,,,,
bbbf-a0fb-d032-3a61,Imperium - Agents of the Imperium,Damned Legionnaires [Legends],,,,,,1,,
0744-61ce-619d-ffe1,Imperium - Agents of the Imperium,Deathwatch Kill Team,,,,,,2,,
0b74-440c-ee1d-ca50,Imperium - Agents of the Imperium,Deathwatch Terminator Squad [Legends],,,,,,,,
ec63-524d-55a-3065,Imperium - Agents of the Imperium,Exaction Squad,,,,,,1,,
edce-f61c-8029-897f,Imperium - Agents of the Imperium,Fortis Kill Team [Legends],,,,,,,,
15c0-9294-7eb8-f3a7,Imperium - Agents of the Imperium,Grey Knights Terminator Squad,,,,,,2,,
24d5-9987-4d2-b42b,Imperium - Agents of the Imperium,Imperial Navy Breachers,,,,,,2,,
c538-aaf0-5788-5c07,Imperium - Agents of the Imperium,Indomitor Kill Team [Legends],,,,,,,,
4469-7239-717e-9abd,Imperium - Agents of the Imperium,Inquisitorial Agents,,,,,,1,,
88af-6e47-7162-b1be,Imperium - Agents of the Imperium,Kill Team Cassius [Legends],,,,,,,,
4681-2af4-acf9-2bce,Imperium - Agents of the Imperium,Proteus Kill Team [Legends],,,,,,,,
9360-d8b2-cd92-9e7f,Imperium - Agents of the Imperium,Rogue Trader Entourage,,,,,,,,
4e74-3710-7a66-9d6c,Imperium - Agents of the Imperium,Sanctifiers,,,,,,1,,
73fc-a193-7da1-d9c4,Imperium - Agents of the Imperium,Sisters of Battle Squad,,,,,,2,,
f527-0a42-15b4-1924,Imperium - Agents of the Imperium,Spectrus Kill Team [Legends],,,,,,,,
6db9-cede-3810-f1f0,Imperium - Agents of the Imperium,Subductor Squad,,,,,,1,,
50a9-30aa-e03a-847d,Imperium - Agents of the Imperium,Veteran Bike Squad [Legends],,,,,,,,
d44c-5cde-cb79-3ec3,Imperium - Agents of the Imperium,Vigilant Squad,,,,,,2,,
3953-4e12-fe7b-97e9,Imperium - Agents of the Imperium,Voidsmen-at-Arms,,,,,,2,,
7e34-20cf-1149-74a1,Imperium - Astra Militarum - Library,Armoured Sentinels,,,,,,,,
2299-bed9-3e-2b60,Imperium - Astra Militarum - Library,Attilan Rough Riders,,,,,,,,
37ad-63e5-1786-87cf,Imperium - Astra Militarum - Library,Bullgryn Squad,,,,,,,,
4d28-f2a7-67c1-eb2e,Imperium - Astra Militarum - Library,Cadian Command Squad,,,,,,,,
91a9-15e-b5f0-700f,Imperium - Astra Militarum - Library,Cadian Heavy Weapons Squad,,,,,,,,
a2aa-7688-dcb1-4132,Imperium - Astra Militarum - Library,Cadian Shock Troops,,,,,,,,
7d22-9fb6-a7e0-c21b,Imperium - Astra Militarum - Library,Catachan Command Squad,,,,,,,,
dfcb-7854-1d6d-cd02,Imperium - Astra Militarum - Library,Catachan Heavy Weapons Squad,,,,,,,,
fe5a-764e-37ed-7cef,Imperium - Astra Militarum - Library,Catachan Jungle Fighters,,,,,,,,
8a25-2a0c-87d2-3ea6,Imperium - Astra Militarum - Library,Death Korps Grenadier Squad [Legends],,,,,,,,
ade0-fa44-d4cf-4fc8,Imperium - Astra Militarum - Library,Death Korps of Krieg,,,,,,,,
f1a-7c78-ffdc-bf5b,Imperium - Astra Militarum - Library,Death Riders,,,,,,,,
d4da-78a0-ef0-1e7e,Imperium - Astra Militarum - Library,Elysian Sniper Squad [Legends],,,,,,,,
64a9-4cb2-400e-efd1,Imperium - Astra Militarum - Library,Field Ordnance Battery,,,,,,,,
653d-80-d715-7d55,Imperium - Astra Militarum - Library,Gaunt’s Ghosts,,,,,,,,
2408-cf76-fe11-c6da,Imperium - Astra Militarum - Library,Hell's Last [Legends],,,,,,,,
abe4-ca71-d5a7-3883,Imperium - Astra Militarum - Library,Kasrkin,,,,,,,,
3e90-9359-2aaa-205e,Imperium - Astra Militarum - Library,Krieg Combat Engineers,,,,,,,,
fbcd-274b-0196-b4f6,Imperium - Astra Militarum - Library,Krieg Command Squad,,,,,,,,
1669-d311-eff9-243b,Imperium - Astra Militarum - Library,Krieg Heavy Weapons Squad,,,,,,,,
497-36ad-8ecb-f7c7,Imperium - Astra Militarum - Library,Militarum Tempestus Command Squad,,,,,,,,
421a-6683-9e78-fb7,Imperium - Astra Militarum - Library,Mukaali Riders [Legends],,,,,,,,
5c5f-8f23-7f13-2af6,Imperium - Astra Militarum - Library,Munitorum Servitors [Legends],,,,,,,,
c9eb-2007-af01-a853,Imperium - Astra Militarum - Library,Ogryn Squad,,,,,,,,
1d02-5302-f162-65d6,Imperium - Astra Militarum - Library,Quartermaster Cadre Squad [Legends],,,,,,,,
31ec-a804-92ad-97,Imperium - Astra Militarum - Library,Rapier Laser Destroyer Battery [Legends],,,,,,1,,
8293-a070-2c87-de30,Imperium - Astra Militarum - Library,Ratlings,,,,,,,,
5da1-9869-294e-8187,Imperium - Astra Militarum - Library,Regimental Attachés [Legends],,,,,,,,
7d5b-1aae-55-2f5b,Imperium - Astra Militarum - Library,Rein and Raus [Legends],,,,,,,,
3597-3243-6870-70a1,Imperium - Astra Militarum - Library,Sabre Weapons Battery [Legends],,,,,,,,
4424-a6ec-6d9e-a936,Imperium - Astra Militarum - Library,Scout Sentinels,,,,,,,,
1502-bae3-93b4-c89a,Imperium - Astra Militarum - Library,Tarantula Battery [Legends],,,,,,,,
aa9f-f137-1638-0369,Imperium - Astra Militarum - Library,Tempestus Aquilons,,,,,,1,,
679b-f37f-2388-748,Imperium - Astra Militarum - Library,Tempestus Scions,,,,,,,,
8165-e372-4fd6-3274,Imperium - Adeptus Astartes - Black Templars,Chaplain Grimaldus,,,,,,1,,
8bbe-e7fc-44b7-ed94,Imperium - Adeptus Astartes - Black Templars,Crusader Squad,,,,,,,,
2da2-ad08-6057-5a1c,Imperium - Adeptus Astartes - Black Templars,Crusader Squad [Legends],,,,,,,,
a499-86fa-4d0c-b06d,Imperium - Adeptus Astartes - Black Templars,Sternguard Veteran Squad,,,,,,,,
206c-6b4d-4aaa-7e79,Imperium - Adeptus Astartes - Black Templars,Sword Brethren Squad,,,,,,,,
80ad-6e62-65e3-e667,Imperium - Adeptus Astartes - Black Templars,Terminator Squad,,,,,,,,
bb83-db85-6ce1-9a61,Imperium - Adeptus Astartes - Blood Angels,Death Company Intercessors,,,,,,1,,
3825-ac3a-75ec-fa0d,Imperium - Adeptus Astartes - Blood Angels,Death Company Marines,,,,,,1,,
4aab-3ca5-0435-ed5e,Imperium - Adeptus Astartes - Blood Angels,Death Company Marines with Bolt Rifles,,,,,,1,,
6562-9dcd-afea-d4ae,Imperium - Adeptus Astartes - Blood Angels,Death Company Marines with Boltguns [Legends],,,,,,1,,
bcfe-f4fb-5c44-652d,Imperium - Adeptus Astartes - Blood Angels,Death Company Marines with Boltguns and Jump Packs [Legends],,,,,,1,,
65f6-18df-f6df-7e39,Imperium - Adeptus Astartes - Blood Angels,Death Company Marines with Jump Packs,,,,,,1,,
25e4-ead-faac-2531,Imperium - Adeptus Astartes - Blood Angels,Sanguinary Guard,,,,,,,,
48fb-ebd6-dd17-729b,Imperium - Adeptus Astartes - Dark Angels,Deathwing Command Squad [Legends],,,,,,,,
a6cc-9a65-dbf1-71b0,Imperium - Adeptus Astartes - Dark Angels,Deathwing Knights,,,,,,,,
6135-d842-8e61-889d,Imperium - Adeptus Astartes - Dark Angels,Deathwing Terminator Squad,,,,,,,,
f34-e2f9-c98e-1916,Imperium - Adeptus Astartes - Dark Angels,Inner Circle Companions,,,,,,,,
212d-f302-aaaf-5c12,Imperium - Adeptus Astartes - Dark Angels,Ravenwing Black Knights,,,,,,,,
e87d-f173-88b9-aa84,Imperium - Adeptus Astartes - Dark Angels,Ravenwing Command Squad,,,,,,,,
390e-706b-a059-378b,Imperium - Adeptus Astartes - Deathwatch,Deathwatch Terminator Squad,,,,,,,,
66ab-476a-134e-ec7b,Imperium - Adeptus Astartes - Deathwatch,Deathwatch Veterans,,,,,,,,
a077-e1c9-f8f0-d38,Imperium - Adeptus Astartes - Deathwatch,Fortis Kill Team,,,,,,,,
6cb-912c-c43-210b,Imperium - Adeptus Astartes - Deathwatch,Indomitor Kill Team,,,,,,,,
4042-67ce-8d45-ed33,Imperium - Adeptus Astartes - Deathwatch,Kill Team Cassius [Legends],,,,,,,,
2544-5189-7806-30f3,Imperium - Adeptus Astartes - Deathwatch,Spectrus Kill Team,,,,,,,,
c679-f252-32b1-ebcc,Imperium - Adeptus Astartes - Deathwatch,Talonstrike Kill Team,,,,,,,,
a037-a89c-f59f-8b1e,Imperium - Grey Knights,Brotherhood Terminator Squad,,,,,,2,,
d9f7-71b7-8e67-7f44,Imperium - Grey Knights,Interceptor Squad,,,,,,1,,
6528-4634-c2cf-2840,Imperium - Grey Knights,Paladin Squad,,,,,,1,,
e8ad-bd40-5952-6859,Imperium - Grey Knights,Purgation Squad,,,,,,1,,
8865-df22-1629-bf02,Imperium - Grey Knights,Purifier Squad,,,,,,1,,
35ed-7890-6c56-18b7,Imperium - Grey Knights,Servitors,,,,,,0,,
d81f-c9ac-e338-ba37,Imperium - Grey Knights,Strike Squad,,,,,,2,,
55fb-9c91-1a4f-3037,Imperium - Imperial Knights - Library,Canis Rex,,,,,,,,
129d-2da5-66f3-f4ec,Imperium - Adeptus Astartes - Space Marines,Aggressor Squad,,,,,,,,
a10b-fbfe-b1fa-6f0c,Imperium - Adeptus Astartes - Space Marines,Assault Intercessor Squad,,,,,,,,
cdd9-efda-95-e7b2,Imperium - Adeptus Astartes - Space Marines,Assault Intercessors with Jump Packs,,,,,,,,
ca4e-47d5-a704-8e5a,Imperium - Adeptus Astartes - Space Marines,Assault Squad [Legends],,,,,,,,
bfe7-b726-9158-d5ad,Imperium - Adeptus Astartes - Space Marines,Assault Squad with Jump Packs [Legends],,,,,,,,
74c4-82d0-4c98-2fa8,Imperium - Adeptus Astartes - Space Marines,Astartes Servitors [Legends],,,,,,,,
7bef-c609-3897-8bd6,Imperium - Adeptus Astartes - Space Marines,Attack Bike Squad [Legends],,,,,,,,
e6c4-3c73-1f0e-816d,Imperium - Adeptus Astartes - Space Marines,Bike Squad [Legends],,,,,,,,
7044-bf1-f949-c32d,Imperium - Adeptus Astartes - Space Marines,Bladeguard Veteran Squad,,,,,,,,
2a8a-522d-51e4-3abc,Imperium - Adeptus Astartes - Space Marines,Centurion Assault Squad,,,,,,,,
6ba0-cede-e278-f86b,Imperium - Adeptus Astartes - Space Marines,Centurion Devastator Squad,,,,,,,,
78ae-14b4-56d0-cc9d,Imperium - Adeptus Astartes - Space Marines,Command Squad [Legends],,,,,,,,
2f2e-d99b-b235-163a,Imperium - Adeptus Astartes - Space Marines,Company Heroes,,,,,,,,
a40-ff3f-c1ea-fea7,Imperium - Adeptus Astartes - Space Marines,Company Veterans on Bikes [Legends],,,,,,,,
a3ea-7a0d-fef8-23bf,Imperium - Adeptus Astartes - Space Marines,Desolation Squad,,,,,,,,
3f4c-1e67-66dc-ffa5,Imperium - Adeptus Astartes - Space Marines,Devastator Squad,,,,,,,,
d6c3-e9d2-430d-6c2f,Imperium - Adeptus Astartes - Space Marines,Eliminator Squad,,,,,,,,
c570-c6ba-c9dc-5a44,Imperium - Adeptus Astartes - Space Marines,Eradicator Squad,,,,,,,,
edf8-643b-cd1-3c11,Imperium - Adeptus Astartes - Space Marines,Firestrike Servo-Turrets,,,,,,,,
7324-e591-939b-b675,Imperium - Adeptus Astartes - Space Marines,Heavy Intercessor Squad,,,,,,,,
7102-b3a4-9bfc-1b84,Imperium - Adeptus Astartes - Space Marines,Hellblaster Squad,,,,,,,,
3e14-2a-d358-6ada,Imperium - Adeptus Astartes - Space Marines,Inceptor Squad,,,,,,,,
527c-120e-9e4e-9bfe,Imperium - Adeptus Astartes - Space Marines,Incursor Squad,,,,,,,,
b007-fc7b-8e4a-b017,Imperium - Adeptus Astartes - Space Marines,Infernus Squad,,,,,,,,
70dc-ed18-2788-b35a,Imperium - Adeptus Astartes - Space Marines,Infiltrator Squad,,,,,,,,
8da0-4570-c3c-819f,Imperium - Adeptus Astartes - Space Marines,Intercessor Squad,,,,,,,,
b5e8-c34b-566b-8bda,Imperium - Adeptus Astartes - Space Marines,Outrider Squad,,,,,,,,
a7ae-e495-683b-7c90,Imperium - Adeptus Astartes - Space Marines,Reiver Squad,,,,,,,,
9d3f-134e-1f5b-531a,Imperium - Adeptus Astartes - Space Marines,Relic Terminator Squad [Legends],,,,,,,,
699f-a59e-baa6-ba8b,Imperium - Adeptus Astartes - Space Marines,Scout Bike Squad [Legends],,,,,,,,
9a96-8de3-f4aa-7497,Imperium - Adeptus Astartes - Space Marines,Scout Sniper Squad [Legends],,,,,,,,
1117-cda-7f74-196b,Imperium - Adeptus Astartes - Space Marines,Scout Squad,,,,,,,,
907f-11-c4d1-ec21,Imperium - Adeptus Astartes - Space Marines,Sternguard Veteran Squad,,,,,,,,
97f6-b1f8-c72d-e826,Imperium - Adeptus Astartes - Space Marines,Suppressor Squad,,,,,,,,
c09a-6504-d25f-477,Imperium - Adeptus Astartes - Space Marines,Tactical Squad,,,,,,,,
ae9a-10e3-8091-20,Imperium - Adeptus Astartes - Space Marines,Terminator Assault Squad,,,,,,,,
4808-a80b-309a-7933,Imperium - Adeptus Astartes - Space Marines,Terminator Squad,,,,,,,,
2fa7-e488-c012-4af1,Imperium - Adeptus Astartes - Space Marines,Thunderfire Cannon [Legends],,,,,,,,
f1b9-b2e8-4ccf-d6cb,Imperium - Adeptus Astartes - Space Marines,Vanguard Veteran Squad [Legends],,,,,,,,
9e9c-bf4d-2d40-be82,Imperium - Adeptus Astartes - Space Marines,Vanguard Veteran Squad with Jump Packs,,,,,,,,
fa8f-f5a2-993-bdbb,Imperium - Adeptus Astartes - Space Wolves,Blood Claws,,,,,,2,,
dc75-5a79-4121-1d72,Imperium - Adeptus Astartes - Space Wolves,Fenrisian Wolves,,,,,,0,,
60ce-47ea-50fa-53f2,Imperium - Adeptus Astartes - Space Wolves,Grey Hunters,,,,,,3,,
f37d-87d6-e14c-e697,Imperium - Adeptus Astartes - Space Wolves,Hounds of Morkai [Legends],,,,,,,,
c8f9-74d3-2fb0-da02,Imperium - Adeptus Astartes - Space Wolves,Hunting Wolves,,,,,,,,
47fa-f42-bb06-77d2,Imperium - Adeptus Astartes - Space Wolves,Long Fangs [Legends],,,,,,,,
b556-b0e1-3b4e-597a,Imperium - Adeptus Astartes - Space Wolves,Skyclaws [Legends],,,,,,,,
7a50-3722-8195-5877,Imperium - Adeptus Astartes - Space Wolves,Thunderwolf Cavalry,,,,,,2,,
d4ef-1ddc-1ed5-5156,Imperium - Adeptus Astartes - Space Wolves,Wolf Guard Headtakers,,,,,,0,,
0f93-6850-8f14-a351,Imperium - Adeptus Astartes - Space Wolves,Wolf Guard Headtakers,,,,,,0,,
4927-b3e9-d22a-2930,Imperium - Adeptus Astartes - Space Wolves,Wolf Guard Headtakers,,,,,,,,
ca30-caf3-d7a8-1d32,Imperium - Adeptus Astartes - Space Wolves,Wolf Guard Terminators,,,,,,1,,
8486-fe44-efc3-e51b,Imperium - Adeptus Astartes - Space Wolves,Wolf Guard [Legends],,,,,,,,
91e4-38c4-a96f-2090,Imperium - Adeptus Astartes - Space Wolves,Wolf Scouts [Legends],,,,,,,,
d937-bd7d-618d-4e2d,Imperium - Adeptus Astartes - Space Wolves,Wulfen,,,,,,,,
4c72-3f0c-7f94-af96,Imperium - Adeptus Astartes - Space Wolves,Wulfen with Storm Shields,,,,,,0,,
5380-5757-2c46-31cc,Imperium - Adeptus Astartes - Ultramarines,Marneus Calgar,,,,,,1,,
8770-b0eb-f430-1dda,Imperium - Adeptus Astartes - Ultramarines,Tyrannic War Veterans [Legends],,,,,,,,
f4a3-1616-2f8e-59a3,Imperium - Adeptus Astartes - Ultramarines,Ultramarines Honour Guard [Legends],,,,,,,,
8f33-5601-3707-78f4,Xenos - Leagues of Votann,Brôkhyr Iron-master,,,,,,,,
ea1b-99f6-c398-06b1,Xenos - Leagues of Votann,Brôkhyr Thunderkyn,,,,,,1,,
415a-e6f6-d17f-d700,Xenos - Leagues of Votann,Cthonian Beserks,,,,,,,,
595a-cfac-3b40-710d,Xenos - Leagues of Votann,Cthonian Earthshakers,,,,,,,,
09d3-6357-7888-00d9,Xenos - Leagues of Votann,Einhyr Hearthguard,,,,,,,,
d3a3-2d20-bd7e-6778,Xenos - Leagues of Votann,Grimnyr,,,,,,,,
ba4f-c3f9-6925-af0c,Xenos - Leagues of Votann,Hearthkyn Warriors,,,,,,2,,
9086-5272-398b-bbce,Xenos - Leagues of Votann,Hernkyn Pioneers,,,,,,2,,
5b0b-c18d-1470-44bb,Xenos - Leagues of Votann,Hernkyn Yaegirs,,,,,,1,,
1e3f-209d-798f-3a42,Xenos - Leagues of Votann,Ironkin Steeljacks with Heavy Volkanite Disintegrators,,,,,,1,,
2add-0a08-fbef-8f5e,Xenos - Leagues of Votann,Ironkin Steeljacks with Melee Weapons,,,,,,1,,
f788-ecf2-9b2e-bc23,Xenos - Leagues of Votann,Kapricus Defenders,,,,,,,,
a7e1-5b53-1d89-e1e3,Xenos - Necrons,Canoptek Acanthrites [Legends],,,,,,2,,
259b-a8e3-928f-1d0c,Xenos - Necrons,Canoptek Scarab Swarms,,,,,,0,,
cae9-5277-87f4-54b8,Xenos - Necrons,Canoptek Spyders,,,,,,,,
a022-9bf6-f08b-c416,Xenos - Necrons,Canoptek Wraiths,,,,,,2,,
919f-7076-c827-b844,Xenos - Necrons,Convergence of Dominion,,,,,,0,,
ef7a-c413-c779-2d18,Xenos - Necrons,Cryptothralls,,,,,,1,,
b7d7-14c9-63c1-ded5,Xenos - Necrons,Deathmarks,,,,,,1,,
c219-a708-f5b0-f0e7,Xenos - Necrons,Flayed Ones,,,,,,1,,
f81-b23c-e183-39d7,Xenos - Necrons,Immortals,,,,,,2,,
6f72-b8f7-fd8d-5c2c,Xenos - Necrons,Lokhust Destroyers,,,,,,2,,
d9ea-2965-24-d3a3,Xenos - Necrons,Lokhust Heavy Destroyers,,,,,,2,,
c4e3-f6b0-f3aa-9d90,Xenos - Necrons,Lychguard,,,,,,1,,
58e9-5212-f5a6-c12d,Xenos - Necrons,Necron Warriors,,,,,,2,,
c6db-9736-4d53-3ef6,Xenos - Necrons,Ophydian Destroyers,,,,,,2,,
66e-26f2-7c38-e4d8,Xenos - Necrons,Skorpekh Destroyers,,,,,,2,,
7422-7fbf-8694-364c,Xenos - Necrons,The Silent King,,,,,,,,
77d-d442-a3-422c,Xenos - Necrons,Tomb Blades,,,,,,,,
6829-6dcb-b342-afe4,Xenos - Necrons,Triarch Praetorians,,,,,,1,,
b7c3-d00e-daf2-76fb,Xenos - Orks,Beast Snagga Boyz,,,,,,,,
7eb0-5bc7-24c-6cb4,Xenos - Orks,Big Gunz [Legends],,,,,,,,
e3b1-1240-2476-cd86,Xenos - Orks,Boyz,,,,,,,,
a596-3d99-257e-0ea1,Xenos - Orks,Breaka Boyz,,,,,,1,,
71b2-e955-6588-87f4,Xenos - Orks,Burna Boyz,,,,,,1,,
2d6e-aa3b-c28c-5ef0,Xenos - Orks,Deffkoptas,,,,,,,,
51a5-6c92-806e-57d6,Xenos - Orks,Deffkoptas with Big Shootas [Legends],,,,,,,,
1de9-b138-28a1-9c4b,Xenos - Orks,Flash Gitz,,,,,,1,,
4ea0-6b70-c17c-bc00,Xenos - Orks,Ghazghkull Thraka,,,,,,,,
de8f-24f9-c543-92b7,Xenos - Orks,Gretchin,,,,,,,,
6cc1-586e-5d7c-9a34,Xenos - Orks,Grot Tanks [Legends],,,,,,,,
8c36-c946-2e0f-f648,Xenos - Orks,Killa Kans,,,,,,,,
303-267f-e45c-6aa9,Xenos - Orks,Kommandos,,,,,,,,
3bff-9fad-2d11-7866,Xenos - Orks,Lootas,,,,,,1,,
7067-34f4-5272-e05f,Xenos - Orks,Meganobz,,,,,,1,,
b37a-8686-db2c-8cbd,Xenos - Orks,Mek Gunz,,,,,,,,
b16a-7132-3f8a-abe5,Xenos - Orks,Nobz,,,,,,1,,
47ad-4934-ea67-a2b0,Xenos - Orks,Nobz on Warbikes [Legends],,,,,,2,,
939f-63bc-4a63-4d93,Xenos - Orks,Skorchas [Legends],,,,,,2,,
6a83-8e1f-63ef-50c3,Xenos - Orks,Squighog Boyz,,,,,,,,
4adf-8249-c6b2-dd4f,Xenos - Orks,Stormboyz,,,,,,,,
dadc-d370-ef10-853c,Xenos - Orks,Tankbustas,,,,,,,,
83a7-ea20-ed9-d14a,Xenos - Orks,Warbikers,,,,,,,,
e969-cbc8-60a6-affb,Xenos - Orks,Warbuggies [Legends],,,,,,2,,
9e51-a749-18ba-2ea4,Xenos - Orks,Wartrakks [Legends],,,,,,2,,
2582-676d-fc9f-c146,Xenos - T'au Empire,Aun'va [Legends],,,,,,,,
afc0-2b21-8ddc-3b2a,Xenos - T'au Empire,Breacher Team,,,,,,,,
a594-317-b90a-a226,Xenos - T'au Empire,Broadside Battlesuits,,,,,,,,
de16-2476-9749-b603,Xenos - T'au Empire,Crisis Battlesuits [Legends],,,,,,,,
9373-d0b3-94c9-e47,Xenos - T'au Empire,Crisis Fireknife Battlesuits,,,,,,,,
fb32-c683-b38f-d339,Xenos - T'au Empire,Crisis Starscythe Battlesuits,,,,,,,,
e88f-bc7a-c3f5-8e47,Xenos - T'au Empire,Crisis Sunforge Battlesuits,,,,,,,,
f260-c746-b662-cc6c,Xenos - T'au Empire,Heavy Gun Drones [Legends],,,,,,,,
f4b8-7132-6738-547c,Xenos - T'au Empire,Knarloc Riders [Legends],,,,,,2,,
d631-3ca5-e206-4e6a,Xenos - T'au Empire,Kroot Carnivores,,,,,,2,,
72f2-7d0b-80f9-43b7,Xenos - T'au Empire,Kroot Farstalkers,,,,,,0,,
6883-85aa-b338-b88,Xenos - T'au Empire,Kroot Hounds,,,,,,0,,
7f73-6728-df6f-1446,Xenos - T'au Empire,Krootox Rampagers,,,,,,2,,
c523-a2e2-a398-ea00,Xenos - T'au Empire,Krootox Riders,,,,,,2,,
2598-d700-9952-e439,Xenos - T'au Empire,Pathfinder Team,,,,,,,,
ad2-6549-8a19-d745,Xenos - T'au Empire,Piranha,,,,,,,,
f499-f326-8e40-9c8b,Xenos - T'au Empire,Remora Stealth Drones [Legends],,,,,,,,
5d3a-803e-7cbc-b2f1,Xenos - T'au Empire,Stealth Battlesuits,,,,,,,,
acdd-2901-1a75-99f4,Xenos - T'au Empire,Strike Team,,,,,,,,
f98a-5aa8-9305-2ed,Xenos - T'au Empire,Tactical Drones [Legends],,,,,,0,,
388f-478b-18f5-aee7,Xenos - T'au Empire,Tetras [Legends],,,,,,,,
b91-ba27-3842-76c,Xenos - T'au Empire,Vespid Stingwings,,,,,,1,,
9b21-52b7-6d8b-3e51,Xenos - T'au Empire,XV9 Hazard Battlesuits [Legends],,,,,,,,
6de-ccee-11b4-be3e,Xenos - Tyranids,Barbgaunts,,,,,,,,
3f2c-85ec-d83c-4a2f,Xenos - Tyranids,Biovores,,,,,,,,
9efd-5564-f0f5-21ea,Xenos - Tyranids,Carnifexes,,,,,,,,
9ce8-7a63-15c3-0347,Xenos - Tyranids,Gargoyles,,,,,,,,
853e-48b8-4cc5-3704,Xenos - Tyranids,Genestealers,,,,,,,,
ac7a-2560-c083-45b8,Xenos - Tyranids,Hive Guard,,,,,,,,
f15b-9f9c-9bf0-8160,Xenos - Tyranids,Hormagaunts,,,,,,,,
c10d-772e-a54f-a2b9,Xenos - Tyranids,Hyperadapted Raveners,,,,,,,,
707a-9de8-f75b-41c5,Xenos - Tyranids,Mucolid Spores,,,,,,,,
8ccc-3f27-7e4e-da81,Xenos - Tyranids,Neurogaunts,,,,,,,,
d2c6-bd0b-3205-3319,Xenos - Tyranids,Pyrovores,,,,,,,,
3f5-f7d6-1ce8-e6b9,Xenos - Tyranids,Raveners,,,,,,,,
1de2-b57b-aa0a-1f0d,Xenos - Tyranids,Ripper Swarms,,,,,,,,
f46f-9d2b-1f97-aaf6,Xenos - Tyranids,Sky-slasher Swarms [Legends],,,,,,0,,
c590-436d-4fd-ef26,Xenos - Tyranids,Spore Mines,,,,,,,,
359c-db2c-681a-8d62,Xenos - Tyranids,Termagants,,,,,,,,
5815-871c-9260-287a,Xenos - Tyranids,Tyranid Warriors with Melee Bio-Weapons,,,,,,,,
a125-b6fb-2945-56a,Xenos - Tyranids,Tyranid Warriors with Ranged Bio-Weapons,,,,,,,,
1645-5407-92c8-1441,Xenos - Tyranids,Tyrant Guard,,,,,,,,
b563-c6d3-d0e5-1b78,Xenos - Tyranids,Venomthropes,,,,,,,,
9bd8-ac8c-2d3b-79f6,Xenos - Tyranids,Von Ryan's Leapers,,,,,,,,
b622-a22-a04f-6303,Xenos - Tyranids,Zoanthropes,,,,,,,,
da76-e18f-523e-d45a,Unaligned Forces,Spindle Drones [Legends],,,,,,,,
