faction,unit_name,selection_type,unit_id,source_file,modifier_type,source,description,hit_modifier,wound_modifier,reroll_hits,reroll_wounds,grants,anti_rules,ignores_cover,applies_to_ranged,applies_to_melee,target_keywords,damage_reduction
Aeldari - Aeldari Library,Archtormentor [Crucible],model,62f8-6a75-5ffb-e83b,Aeldari - Aeldari Library.cat,attack_modifier,Cruel Example,"Cruel Example: +1 to wound, vs CHARACTER",0,1,none,none,,,false,true,true,character,
Aeldari - Aeldari Library,Asurmen,model,828d-840a-9a67-9074,Aeldari - Aeldari Library.cat,attack_modifier,Hand of Asuryan,"Hand of Asuryan: Anti-INFANTRY 5+, vs CHARACTER/INFANTRY",0,0,none,none,,infantry:5+,false,true,true,character; infantry,
Aeldari - Aeldari Library,Avatar of Khaine,model,554c-8b4f-1059-28a7,Aeldari - Aeldari Library.cat,attack_modifier,Damaged: 1-5 Wounds Remaining,Damaged: 1-5 Wounds Remaining: -1 to hit,-1,0,none,none,,,false,true,true,,
Aeldari - Aeldari Library,Cobra [Legends],model,e2ad-60b4-9678-88aa,Aeldari - Aeldari Library.cat,attack_modifier,Damaged: 1-8 Wounds Remaining,"Damaged: 1-8 Wounds Remaining: -1 to hit, vs CHARACTER",-1,0,none,none,,,false,true,true,character,
Aeldari - Aeldari Library,Court of the Archon [Legends],unit,b221-43a3-8bee-117c,Aeldari - Aeldari Library.cat,attack_modifier,Deadly Retinue (Pain),"Deadly Retinue (Pain): -1 to wound, Ignore Cover",0,-1,none,none,,,true,true,true,,
Aeldari - Aeldari Library,Crimson Hunter,model,90c9-aaac-5ef8-f043,Aeldari - Aeldari Library.cat,attack_modifier,Damaged: 1-4 Wounds Remaining,Damaged: 1-4 Wounds Remaining: -1 to hit,-1,0,none,none,,,false,true,true,,
Aeldari - Aeldari Library,Crimson Hunter,model,90c9-aaac-5ef8-f043,Aeldari - Aeldari Library.cat,attack_modifier,Skyhunter,"Skyhunter: +1 to hit, +1 to wound, vs FLY",1,1,none,none,,,false,true,true,fly,
Aeldari - Aeldari Library,Death Jester,model,5768-1f87-3a16-d901,Aeldari - Aeldari Library.cat,attack_modifier,Cruel Amusement,Cruel Amusement: Ignore Cover,0,0,none,none,,,true,true,true,,
Aeldari - Aeldari Library,Drazhar,model,a30b-b966-d264-e935,Aeldari - Aeldari Library.cat,attack_modifier,Master of Blades (Pain),Master of Blades (Pain): +1 to wound,0,1,none,none,,,false,false,true,,
Aeldari - Aeldari Library,Eldrad Ulthran,model,f48e-276e-a997-c90e,Aeldari - Aeldari Library.cat,attack_modifier,Doom (Psychic),Doom (Psychic): +1 to wound,0,1,none,none,,,false,true,true,,
Aeldari - Aeldari Library,Falcon,model,1d83-167-486c-bac4,Aeldari - Aeldari Library.cat,attack_modifier,Damaged: 1-4 Wounds Remaining,Damaged: 1-4 Wounds Remaining: -1 to hit,-1,0,none,none,,,false,true,true,,
Aeldari - Aeldari Library,Farseer,model,b2f5-8219-f875-917e,Aeldari - Aeldari Library.cat,attack_modifier,Guide (Psychic),Guide (Psychic): +1 to hit,1,0,none,none,,,false,true,true,,
Aeldari - Aeldari Library,Farseer Skyrunner,model,833b-55bc-73be-8862,Aeldari - Aeldari Library.cat,attack_modifier,Misfortune (Psychic),Misfortune (Psychic): -1 to wound,0,-1,none,none,,,false,true,true,,
Aeldari - Aeldari Library,Fire Prism,model,9940-a69b-682e-ccf4,Aeldari - Aeldari Library.cat,attack_modifier,Damaged: 1-4 Wounds Remaining,Damaged: 1-4 Wounds Remaining: -1 to hit,-1,0,none,none,,,false,true,true,,
Aeldari - Aeldari Library,Firestorm [Legends],model,d11f-239d-94b4-c194,Aeldari - Aeldari Library.cat,attack_modifier,Damaged: 1-4 Wounds Remaining,Damaged: 1-4 Wounds Remaining: -1 to hit,-1,0,none,none,,,false,true,true,,
Aeldari - Aeldari Library,Hemlock Wraithfighter,model,551b-900c-3681-8f11,Aeldari - Aeldari Library.cat,attack_modifier,Damaged: 1-4 Wounds Remaining,Damaged: 1-4 Wounds Remaining: -1 to hit,-1,0,none,none,,,false,true,true,,
Aeldari - Aeldari Library,Incubi,unit,1529-793d-481b-82bf,Aeldari - Aeldari Library.cat,attack_modifier,Tormentors,Tormentors: +1 to hit,1,0,none,none,,,false,false,true,,
Aeldari - Aeldari Library,Irillyth [Legends],model,3e8d-c6f3-493c-4a35,Aeldari - Aeldari Library.cat,attack_modifier,Reaper of Souls,Reaper of Souls: +1 to hit,1,0,none,none,,,false,true,true,,
Aeldari - Aeldari Library,Karandras [Legends],model,c9ed-d190-419c-78d3,Aeldari - Aeldari Library.cat,attack_modifier,Shadow Hunter,Shadow Hunter: +1 to hit,1,0,none,none,,,false,true,true,,
Aeldari - Aeldari Library,Lynx [Legends],model,e3c5-54ef-44a5-9366,Aeldari - Aeldari Library.cat,attack_modifier,Damaged: 1-5 Wounds Remaining,Damaged: 1-5 Wounds Remaining: -1 to hit,-1,0,none,none,,,false,true,true,,
Aeldari - Aeldari Library,Night Spinner,model,908a-fc2b-5a53-599f,Aeldari - Aeldari Library.cat,attack_modifier,Damaged: 1-4 Wounds Remaining,Damaged: 1-4 Wounds Remaining: -1 to hit,-1,0,none,none,,,false,true,true,,
Aeldari - Aeldari Library,Nightwing [Legends],model,af2e-2bff-9813-a5a3,Aeldari - Aeldari Library.cat,attack_modifier,Damaged: 1-4 Wounds Remaining,Damaged: 1-4 Wounds Remaining: -1 to hit,-1,0,none,none,,,false,true,true,,
Aeldari - Aeldari Library,Nightwing [Legends],model,af2e-2bff-9813-a5a3,Aeldari - Aeldari Library.cat,attack_modifier,Interceptor,"Interceptor: +1 to hit, vs FLY",1,0,none,none,,,false,true,true,fly,
Aeldari - Aeldari Library,Phantom Titan,model,79b3-2cd1-d7b4-d7b1,Aeldari - Aeldari Library.cat,attack_modifier,Damaged: 1-16 Wounds Remaining,"Damaged: 1-16 Wounds Remaining: -1 to hit, vs CHARACTER",-1,0,none,none,,,false,true,true,character,
Aeldari - Aeldari Library,Phoenix [Legends],model,6083-affa-5163-a94c,Aeldari - Aeldari Library.cat,attack_modifier,Damaged: 1-5 wounds remaining,Damaged: 1-5 wounds remaining: -1 to hit,-1,0,none,none,,,false,true,true,,
Aeldari - Aeldari Library,Phoenix [Legends],model,6083-affa-5163-a94c,Aeldari - Aeldari Library.cat,attack_modifier,Strafing Run,"Strafing Run: +1 to hit, vs FLY",1,0,none,none,,,false,true,true,fly,
Aeldari - Aeldari Library,Prince Yriel,model,54dc-aa1f-817a-a5c5,Aeldari - Aeldari Library.cat,attack_modifier,Piratical Hero,Piratical Hero: +1 to hit,1,0,none,none,,,false,true,true,,
Aeldari - Aeldari Library,Ravager,model,3376-d337-6a33-4bca,Aeldari - Aeldari Library.cat,attack_modifier,Agonising Suppression (Pain),Agonising Suppression (Pain): -1 to hit,-1,0,none,none,,,false,true,true,,
Aeldari - Aeldari Library,Ravager,model,3376-d337-6a33-4bca,Aeldari - Aeldari Library.cat,attack_modifier,Damaged: 1-4 Wounds Remaining,Damaged: 1-4 Wounds Remaining: -1 to hit,-1,0,none,none,,,false,true,true,,
Aeldari - Aeldari Library,Raven Strike Fighter [Legends],model,28c1-2c51-ab58-2d91,Aeldari - Aeldari Library.cat,attack_modifier,Ground-attack Craft,"Ground-attack Craft: +1 to hit, vs FLY",1,0,none,none,,,false,true,true,fly,
Aeldari - Aeldari Library,Razorwing Jetfighter,model,fbc4-c7d0-db5b-91c,Aeldari - Aeldari Library.cat,attack_modifier,Ground-attack Craft,"Ground-attack Craft: +1 to hit, vs FLY",1,0,none,none,,,false,true,true,fly,
Aeldari - Aeldari Library,Reaper [Legends],model,a228-7269-9961-daf4,Aeldari - Aeldari Library.cat,attack_modifier,Damaged: 1-4 Wounds Remaining,Damaged: 1-4 Wounds Remaining: -1 to hit,-1,0,none,none,,,false,true,true,,
Aeldari - Aeldari Library,Revenant Titan,model,ca40-4a0d-567-852,Aeldari - Aeldari Library.cat,attack_modifier,Damaged: 1-10 Wounds Remaining,"Damaged: 1-10 Wounds Remaining: -1 to hit, vs CHARACTER",-1,0,none,none,,,false,true,true,character,
Aeldari - Aeldari Library,Scorpion [Legends],model,1420-c80d-66fc-6a,Aeldari - Aeldari Library.cat,attack_modifier,Damaged: 1-8 Wounds Remaining,"Damaged: 1-8 Wounds Remaining: -1 to hit, vs CHARACTER",-1,0,none,none,,,false,true,true,character,
Aeldari - Aeldari Library,Skathach Wraithknight [Legends],model,5f15-8ad-1f3b-d6d1,Aeldari - Aeldari Library.cat,attack_modifier,Damaged: 1-6 Wounds Remaining,"Damaged: 1-6 Wounds Remaining: -1 to hit, vs CHARACTER",-1,0,none,none,,,false,true,true,character,
Aeldari - Aeldari Library,Talos,unit,5c5f-b70b-f6ee-a81e,Aeldari - Aeldari Library.cat,attack_modifier,Devoted to Pain,Devoted to Pain: Twin-linked,0,0,none,none,Twin-linked,,false,true,true,,
Aeldari - Aeldari Library,Tantalus [Legends],model,dfe4-d4db-9d04-9e7a,Aeldari - Aeldari Library.cat,attack_modifier,Damaged: 1-6 Wounds Remaining,Damaged: 1-6 Wounds Remaining: -1 to hit,-1,0,none,none,,,false,true,true,,
Aeldari - Aeldari Library,Troupe Master,model,dada-b81b-37bd-1f3b,Aeldari - Aeldari Library.cat,attack_modifier,Cegorach’s Favour:,Cegorach’s Favour:: +1 to wound,0,1,none,none,,,false,false,true,,
Aeldari - Aeldari Library,Urien Rakarth [Legends],model,76c4-e2ba-e247-560e,Aeldari - Aeldari Library.cat,attack_modifier,Sculptor of Torments (Pain),Sculptor of Torments (Pain): +1 to wound,0,1,none,none,,,false,false,true,,
Aeldari - Aeldari Library,Vampire Hunter [Legends],model,22ea-9a4-cda3-a24,Aeldari - Aeldari Library.cat,attack_modifier,Damaged: 1-10 Wounds Remaining,Damaged: 1-10 Wounds Remaining: -1 to hit,-1,0,none,none,,,false,true,true,,
Aeldari - Aeldari Library,Vampire Raider [Legends],model,4016-44d3-c64b-cc1a,Aeldari - Aeldari Library.cat,attack_modifier,Damaged: 1-10 Wounds Remaining,Damaged: 1-10 Wounds Remaining: -1 to hit,-1,0,none,none,,,false,true,true,,
Aeldari - Aeldari Library,Voidraven Bomber,model,71e1-7d54-4856-4ce1,Aeldari - Aeldari Library.cat,attack_modifier,Damaged: 1-4 Wounds Remaining,Damaged: 1-4 Wounds Remaining: -1 to hit,-1,0,none,none,,,false,true,true,,
Aeldari - Aeldari Library,Vypers,unit,814d-56c9-78fe-2123,Aeldari - Aeldari Library.cat,attack_modifier,Harassment Fire,Harassment Fire: -1 to hit,-1,0,none,none,,,false,true,true,,
Aeldari - Aeldari Library,Warlock Conclave,unit,d61-c058-6bd1-112f,Aeldari - Aeldari Library.cat,attack_modifier,Protect (Psychic),Protect (Psychic): -1 to wound,0,-1,none,none,,,false,true,true,,
Aeldari - Aeldari Library,Warlock Skyrunners,unit,f52d-1814-7d66-1f7b,Aeldari - Aeldari Library.cat,attack_modifier,Runes of Battle (Psychic),Runes of Battle (Psychic): Ignore Cover,0,0,none,none,,,true,true,true,,
Aeldari - Aeldari Library,Warp Hunter [Legends],model,ef18-ff32-2be6-7372,Aeldari - Aeldari Library.cat,attack_modifier,Damaged: 1-4 Wounds Remaining,Damaged: 1-4 Wounds Remaining: -1 to hit,-1,0,none,none,,,false,true,true,,
Aeldari - Aeldari Library,Wave Serpent,model,ad88-f706-318c-e70e,Aeldari - Aeldari Library.cat,attack_modifier,Damaged: 1-4 Wounds Remaining,Damaged: 1-4 Wounds Remaining: -1 to hit,-1,0,none,none,,,false,true,true,,
Aeldari - Aeldari Library,Wave Serpent,model,ad88-f706-318c-e70e,Aeldari - Aeldari Library.cat,attack_modifier,Wave Serpent Shield,"Wave Serpent Shield: -1 to wound, vs CHARACTER",0,-1,none,none,,,false,true,true,character,
Aeldari - Aeldari Library,Wraithblades,unit,bb4f-4359-cc16-e6d5,Aeldari - Aeldari Library.cat,attack_modifier,Psychic Guidance,"Psychic Guidance: +1 to hit, vs CHARACTER/PSYKER",1,0,none,none,,,false,true,true,character; psyker,
Aeldari - Aeldari Library,Wraithguard,unit,5aa4-107-d7ee-f0f3,Aeldari - Aeldari Library.cat,attack_modifier,Psychic Guidance,"Psychic Guidance: +1 to hit, vs CHARACTER/PSYKER",1,0,none,none,,,false,true,true,character; psyker,
Aeldari - Aeldari Library,Wraithknight,model,bfd-df5a-b358-4cf9,Aeldari - Aeldari Library.cat,attack_modifier,Damaged: 1-6 Wounds Remaining,"Damaged: 1-6 Wounds Remaining: -1 to hit, vs CHARACTER",-1,0,none,none,,,false,true,true,character,
Aeldari - Aeldari Library,Wraithknight with Ghostglaive,model,d756-653a-872b-5c1b,Aeldari - Aeldari Library.cat,attack_modifier,Damaged: 1-6 Wounds Remaining,"Damaged: 1-6 Wounds Remaining: -1 to hit, vs CHARACTER",-1,0,none,none,,,false,true,true,character,
Chaos - Chaos Knights Library,Chaos Cerastus Knight Atrapos,model,8b1d-9029-f9e1-42d9,Chaos - Chaos Knights Library.cat,attack_modifier,Macro-extinction Protocols,"Macro-extinction Protocols: +1 to hit, +1 to wound, vs MONSTER/TITANIC/VEHICLE",1,1,none,none,,,false,true,true,monster; titanic; vehicle,
Chaos - Chaos Knights Library,Chaos Cerastus Knight Castigator,model,b6e5-911b-93f-476,Chaos - Chaos Knights Library.cat,attack_modifier,Storm of Bolts,"Storm of Bolts: -1 to hit, vs MONSTER/VEHICLE",-1,0,none,none,,,false,true,true,monster; vehicle,
Chaos - Chaos Knights Library,Chaos Cerastus Knight Lancer,model,4175-82c6-8e96-bef8,Chaos - Chaos Knights Library.cat,attack_modifier,Dark Fervour (Aura),Dark Fervour (Aura): Assault,0,0,none,none,Assault,,false,true,false,,
Chaos - Chaos Knights Library,Chaos Questoris Knight Styrix,model,106c-4bdf-79a4-1c70,Chaos - Chaos Knights Library.cat,attack_modifier,Preysight (Aura),Preysight (Aura): Ignore Cover,0,0,none,none,,,true,true,false,,
Chaos - Chaos Knights Library,War Dog Brigand,model,753d-4e02-eda3-4809,Chaos - Chaos Knights Library.cat,attack_modifier,Brigand,Brigand: Ignore Cover,0,0,none,none,,,true,true,false,,
Chaos - Chaos Knights Library,War Dog Executioner,model,8df0-fc3c-8ced-ffce,Chaos - Chaos Knights Library.cat,attack_modifier,Executioner,Executioner: +1 to hit,1,0,none,none,,,false,true,true,,
Chaos - Chaos Knights Library,War Dog Stalker,model,bbc6-c0ed-24e8-86b7,Chaos - Chaos Knights Library.cat,attack_modifier,Stalker,Stalker: +1 to wound,0,1,none,none,,,false,true,true,,
Chaos - Chaos Space Marines,Chaos Lord on Bike [Legends],model,2dfd-2e5f-53f2-b695,Chaos - Chaos Space Marines.cat,attack_modifier,Swift Assault,Swift Assault: Assault,0,0,none,none,Assault,,false,true,true,,
Chaos - Chaos Space Marines,Dark Apostle,unit,d2b8-454a-d061-b592,Chaos - Chaos Space Marines.cat,attack_modifier,Dark Zealotry,Dark Zealotry: +1 to wound,0,1,none,none,,,false,false,true,,
Chaos - Chaos Space Marines,Dark Commune,unit,1780-25b8-ce0b-898d,Chaos - Chaos Space Marines.cat,attack_modifier,Dark Ritual,"Dark Ritual: +1 to hit, +1 to wound",1,1,none,none,,,false,true,true,,
Chaos - Chaos Space Marines,Exalted Champion [Legends],model,f3d9-883e-6ca2-e3b,Chaos - Chaos Space Marines.cat,attack_modifier,Dark Champion,Dark Champion: +1 to hit,1,0,none,none,,,false,true,true,,
Chaos - Chaos Space Marines,Heldrake,model,79e5-a673-cca5-91a4,Chaos - Chaos Space Marines.cat,attack_modifier,Airborne Predator,"Airborne Predator: +1 to hit, vs FLY",1,0,none,none,,,false,true,true,fly,
Chaos - Chaos Space Marines,Hellblade [Legends],model,8373-f06d-7680-9de,Chaos - Chaos Space Marines.cat,attack_modifier,Interceptor,"Interceptor: +1 to hit, vs FLY",1,0,none,none,,,false,true,true,fly,
Chaos - Chaos Space Marines,Khorne Lord of Skulls,model,b27f-1c85-5e7f-4e7d,Chaos - Chaos Space Marines.cat,attack_modifier,Damaged: 1-8 wounds remaining,"Damaged: 1-8 wounds remaining: -1 to hit, vs CHARACTER",-1,0,none,none,,,false,true,true,character,
Chaos - Chaos Space Marines,Master of Possession,model,287f-7d48-59cf-dc1e,Chaos - Chaos Space Marines.cat,attack_modifier,Sacrificial Dagger,"Sacrificial Dagger: +1 to hit, +1 to wound",1,1,none,none,,,false,true,true,,
Chaos - Chaos Space Marines,Mutoid Vermin [Legends],unit,afed-8173-a1e0-cbae,Chaos - Chaos Space Marines.cat,attack_modifier,Mischief Makers (Aura),"Mischief Makers (Aura): -1 to hit, vs MONSTER/VEHICLE",-1,0,none,none,,,false,false,true,monster; vehicle,
Chaos - Chaos Space Marines,Nemesis Claw,unit,f666-1f5d-0c20-06c1,Chaos - Chaos Space Marines.cat,attack_modifier,Visions of Suffering (Psychic),"Visions of Suffering (Psychic): +1 to hit, +1 to wound",1,1,none,none,,,false,true,true,,
Chaos - Chaos Space Marines,Renegade Plague Ogryns [Legends],unit,a7bb-ec24-40e6-5b8c,Chaos - Chaos Space Marines.cat,damage_reduction,Wall of Muscle,"Each time an attack is allocated to a model in this unit, subtract 1 from the Damage characteristic of that attack.",,,,,,,,,,,1.00
Chaos - Chaos Space Marines,Sorcerer,model,980d-c80a-19b2-f641,Chaos - Chaos Space Marines.cat,attack_modifier,Prescience (Psychic),Prescience (Psychic): -1 to hit,-1,0,none,none,,,false,true,true,,
Chaos - Chaos Space Marines,Sorcerer on Bike [Legends],model,af6f-7c4e-ec78-858e,Chaos - Chaos Space Marines.cat,attack_modifier,Prescience (Psychic),Prescience (Psychic): -1 to hit,-1,0,none,none,,,false,true,true,,
Chaos - Chaos Space Marines,Sorcerer on Bike [Legends],model,af6f-7c4e-ec78-858e,Chaos - Chaos Space Marines.cat,attack_modifier,Unholy Power,Unholy Power: +1 to wound,0,1,none,none,,,false,true,true,,
Chaos - Chaos Space Marines,Sorcerer on Disc of Tzeentch [Legends],model,5205-d436-bedd-e3df,Chaos - Chaos Space Marines.cat,attack_modifier,Flames of Change (Psychic),Flames of Change (Psychic): Ignore Cover,0,0,none,none,,,true,true,false,,
Chaos - Chaos Space Marines,Vashtorr the Arkifane,model,dcc0-b70c-9779-e6c9,Chaos - Chaos Space Marines.cat,attack_modifier,Reorder Reality,Reorder Reality: -1 to hit,-1,0,none,none,,,false,true,false,,
Chaos - Chaos Space Marines,Warpsmith,model,440-a22a-eac1-b107,Chaos - Chaos Space Marines.cat,attack_modifier,Master of Mechanisms,"Master of Mechanisms: +1 to hit, vs VEHICLE",1,0,none,none,,,false,true,true,vehicle,
Chaos - Daemons Library,Aetaos'rau'keres [Legends],model,a44f-b07c-5a50-ff95,Chaos - Chaos Daemons Library.cat,attack_modifier,Master of Magicks (Psychic),Master of Magicks (Psychic): Ignore Cover,0,0,none,none,,,true,true,false,,
Chaos - Daemons Library,Bloodmaster,model,ccae-b5f1-8787-4c7d,Chaos - Chaos Daemons Library.cat,attack_modifier,Bloodmaster,Bloodmaster: +1 to wound,0,1,none,none,,,false,true,true,,
Chaos - Daemons Library,Bloodthirster,model,a018-ca33-afd0-be83,Chaos - Chaos Daemons Library.cat,attack_modifier,Daemon Lord of Khorne (Aura),"Daemon Lord of Khorne (Aura): +1 to hit, vs DAEMON",1,0,none,none,,,false,false,true,daemon,
Chaos - Daemons Library,Contorted Epitome,model,36df-8f40-8a6b-7d4c,Chaos - Chaos Daemons Library.cat,attack_modifier,Horrible Fascination (Psychic),"Horrible Fascination (Psychic): -1 to hit, vs PSYKER",-1,0,none,none,,,false,true,true,psyker,
Chaos - Daemons Library,Exalted Flamer,model,de54-5b38-8ca1-c39c,Chaos - Chaos Daemons Library.cat,attack_modifier,Blazing Warpfire (Psychic),Blazing Warpfire (Psychic): Assault,0,0,none,none,Assault,,false,true,false,,
Chaos - Daemons Library,Furies [Legends],unit,1b9e-e164-7a5a-c8b7,Chaos - Chaos Daemons Library.cat,attack_modifier,Prey on the Weak,Prey on the Weak: +1 to wound,0,1,none,none,,,false,true,true,,
Chaos - Daemons Library,Immortal Champion [Crucible],model,3594-bf68-4a46-fbf8,Chaos - Chaos Daemons Library.cat,attack_modifier,Font of Unreality,"Font of Unreality: -1 to hit, vs DAEMON",-1,0,none,none,,,false,true,true,daemon,
Chaos - Daemons Library,Keeper of Secrets,model,a903-dd97-339d-6899,Chaos - Chaos Daemons Library.cat,attack_modifier,Mesmerising Form,Mesmerising Form: -1 to hit,-1,0,none,none,,,false,true,true,,
Chaos - Daemons Library,Lord of Change,model,3600-9f92-933-bf54,Chaos - Chaos Daemons Library.cat,attack_modifier,Master of Magicks (Psychic),Master of Magicks (Psychic): Ignore Cover,0,0,none,none,,,true,true,true,,
Chaos - Daemons Library,Nurglings,unit,e403-3a9-279e-41b7,Chaos - Chaos Daemons Library.cat,attack_modifier,Mischief Makers (Aura),"Mischief Makers (Aura): -1 to hit, vs TITANIC",-1,0,none,none,,,false,false,true,titanic,
Chaos - Daemons Library,Seeker Chariot [Legends],unit,5fe1-5a7a-9f8e-21e0,Chaos - Chaos Daemons Library.cat,attack_modifier,Scythed Impact,"Scythed Impact: Anti-INFANTRY 4+, vs INFANTRY",0,0,none,none,,infantry:4+,false,false,true,infantry,
Chaos - Daemons Library,The Blue Scribes,model,caf1-8818-9e65-7154,Chaos - Chaos Daemons Library.cat,attack_modifier,P’tarix’s Sorcerous Syphon (Aura),P’tarix’s Sorcerous Syphon (Aura): -1 to wound,0,-1,none,none,,,false,true,true,,
Chaos - Daemons Library,The Changeling,model,ac75-c011-9a10-2c4a,Chaos - Chaos Daemons Library.cat,attack_modifier,Mischief and Confusion,Mischief and Confusion: -1 to hit,-1,0,none,none,,,false,true,true,,
Chaos - Daemons Library,Zarakynel [Legends],model,268e-459c-c6e8-7754,Chaos - Chaos Daemons Library.cat,attack_modifier,Mesmerising Form,Mesmerising Form: -1 to hit,-1,0,none,none,,,false,true,true,,
Chaos - Death Guard,Death Guard Sorcerer in Terminator Armour [Legends],model,93ac-1b31-4238-d60e,Chaos - Death Guard.cat,damage_reduction,Putrescent Vitality (Psychic),"At the start of the Fight phase, you can roll one D6: on a 1, this PSYKER’s unit suffers D3 mortal wounds; on a 2+, until the end of the phase, each time an attack is allocated to a model in this PSYKER’s unit, subtract 1 from the Damage characteristic of that attack.",,,,,,,,,,,1.00
Chaos - Death Guard,Great Unclean One,model,2425-13a7-77f0-0112,Chaos - Death Guard.cat,attack_modifier,Damaged: 1-7 wounds remaining,Damaged: 1-7 wounds remaining: -1 to hit,-1,0,none,none,,,false,true,true,,
Chaos - Death Guard,Helbrute,model,2a2b-643e-860e-b524,Chaos - Death Guard.cat,attack_modifier,Diseased Malice,Diseased Malice: +1 to wound,0,1,none,none,,,false,true,true,,
Chaos - Death Guard,Hellblade [Legends],model,3e86-ef61-9b87-3658,Chaos - Death Guard.cat,attack_modifier,Interceptor,"Interceptor: +1 to hit, vs FLY",1,0,none,none,,,false,true,true,fly,
Chaos - Death Guard,Mortarion,model,f5ac-4f37-fe7b-36b6,Chaos - Death Guard.cat,attack_modifier,Damaged: 1-6 wounds remaining,Damaged: 1-6 wounds remaining: -1 to hit,-1,0,none,none,,,false,true,true,,
Chaos - Death Guard,Mutoid Vermin [Legends],unit,2dfd-cddb-9fef-494b,Chaos - Death Guard.cat,attack_modifier,Mischief Makers (Aura),"Mischief Makers (Aura): -1 to hit, vs MONSTER/VEHICLE",-1,0,none,none,,,false,false,true,monster; vehicle,
Chaos - Death Guard,Myphitic Blight-hauler,unit,35b2-7490-1a7b-cd99,Chaos - Death Guard.cat,attack_modifier,Tank Hunters,"Tank Hunters: +1 to hit, +1 to wound, vs MONSTER/VEHICLE",1,1,none,none,,,false,true,true,monster; vehicle,
Chaos - Death Guard,Nurglings,unit,7e32-0162-71e2-57a0,Chaos - Death Guard.cat,attack_modifier,Mischief Makers (Aura),"Mischief Makers (Aura): -1 to hit, vs TITANIC",-1,0,none,none,,,false,false,true,titanic,
Chaos - Death Guard,Rotigus,model,66dd-f8c9-f9a6-0e6b,Chaos - Death Guard.cat,attack_modifier,Damaged: 1-7 wounds remaining,Damaged: 1-7 wounds remaining: -1 to hit,-1,0,none,none,,,false,true,true,,
Chaos - Death Guard,Typhus,model,e6a4-7055-fd23-5123,Chaos - Death Guard.cat,attack_modifier,The Destroyer Hive,The Destroyer Hive: -1 to hit,-1,0,none,none,,,false,false,true,,
Chaos - Emperor's Children,Chaos Land Raider,model,f10c-5f3e-c09d-0b12,Chaos - Emperor's Children.cat,attack_modifier,Damaged: 1-5 wounds remaining,Damaged: 1-5 wounds remaining: -1 to hit,-1,0,none,none,,,false,true,true,,
Chaos - Emperor's Children,Daemon Prince of Slaanesh with Wings,model,e452-08be-33e6-3864,Chaos - Emperor's Children.cat,damage_reduction,Stimulated by Pain,"Each time an attack is allocated to this model, subtract 1 from the Damage characteristic of that attack.",,,,,,,,,,,1.00
Chaos - Emperor's Children,Defiler,model,b541-3292-a5cc-dbeb,Chaos - Emperor's Children.cat,attack_modifier,Revel in Desecration,Revel in Desecration: +1 to hit,1,0,none,none,,,false,true,true,,
Chaos - Emperor's Children,Fulgrim,model,1e0a-cf2b-6602-2a34,Chaos - Emperor's Children.cat,attack_modifier,Damaged: 1-6 Wounds Remaining,Damaged: 1-6 Wounds Remaining: -1 to hit,-1,0,none,none,,,false,true,true,,
Chaos - Emperor's Children,Keeper of Secrets,model,7b2b-4508-263d-f20f,Chaos - Emperor's Children.cat,attack_modifier,Mesmerising Form,Mesmerising Form: -1 to hit,-1,0,none,none,,,false,true,true,,
Chaos - Emperor's Children,Maulerfiend,model,656c-8b78-8e59-0591,Chaos - Emperor's Children.cat,attack_modifier,Glutton for Punishment,"Glutton for Punishment: +1 to hit, +1 to wound",1,1,none,none,,,false,true,true,,
Chaos - Thousand Sons,Brayherd Shaman [Crucible],model,f75a-a5e6-f478-6f55,Chaos - Thousand Sons.cat,attack_modifier,Bestial Prophet,Bestial Prophet: +1 to hit,1,0,none,none,,,false,true,true,,
Chaos - Thousand Sons,Chaos Rhino,model,8d9b-b949-2557-dcc4,Chaos - Thousand Sons.cat,attack_modifier,Sorcerous Support,"Sorcerous Support: +1 to hit, +1 to wound",1,1,none,none,,,false,true,true,,
Chaos - Thousand Sons,Forgefiend,model,d2f1-7a0b-f7cd-9b46,Chaos - Thousand Sons.cat,attack_modifier,Blazing Salvos,Blazing Salvos: -1 to hit,-1,0,none,none,,,false,true,true,,
Chaos - Thousand Sons,Hellblade [Legends],model,c4ab-b52d-3ac0-5d56,Chaos - Thousand Sons.cat,attack_modifier,Interceptor,"Interceptor: +1 to hit, vs FLY",1,0,none,none,,,false,true,true,fly,
Chaos - Thousand Sons,Kairos Fateweaver,model,8f70-9bec-9b83-216b,Chaos - Thousand Sons.cat,attack_modifier,Damaged: 1-7 wounds remaining,Damaged: 1-7 wounds remaining: -1 to hit,-1,0,none,none,,,false,true,true,,
Chaos - Thousand Sons,Lord of Change,model,c964-c75a-2a9d-e451,Chaos - Thousand Sons.cat,attack_modifier,Damaged: 1-7 wounds remaining,Damaged: 1-7 wounds remaining: -1 to hit,-1,0,none,none,,,false,true,true,,
Chaos - Thousand Sons,Lord of Change,model,c964-c75a-2a9d-e451,Chaos - Thousand Sons.cat,attack_modifier,Master of Magicks (Aura),Master of Magicks (Aura): Ignore Cover,0,0,none,none,,,true,true,true,,
Chaos - Thousand Sons,Magnus the Red,model,91dc-9aad-0505-52a8,Chaos - Thousand Sons.cat,attack_modifier,Damaged: 1-6 wounds remaining,Damaged: 1-6 wounds remaining: -1 to hit,-1,0,none,none,,,false,true,true,,
Chaos - Thousand Sons,Scarab Occult Terminators,unit,b1cf-c5-5121-92a4,Chaos - Thousand Sons.cat,attack_modifier,Rites of Coalescence,"Rites of Coalescence: -1 to wound, vs PSYKER",0,-1,none,none,,,false,true,true,psyker,
Chaos - Thousand Sons,Sorcerer in Terminator Armour,model,c6d1-e73b-9d26-5d8b,Chaos - Thousand Sons.cat,attack_modifier,Marked by Fate (Psychic),"Marked by Fate (Psychic): +1 to hit, vs PSYKER",1,0,none,none,,,false,true,true,psyker,
Chaos - Thousand Sons,Sorcerer on Disc of Tzeentch [Legends],model,ef19-b2dd-72ae-4f96,Chaos - Thousand Sons.cat,attack_modifier,Flames of Change (Psychic),Flames of Change (Psychic): Ignore Cover,0,0,none,none,,,true,true,false,,
Chaos - Thousand Sons,Tzaangor Shaman,model,c251-bd54-441-4799,Chaos - Thousand Sons.cat,attack_modifier,Bestial Prophet,Bestial Prophet: +1 to hit,1,0,none,none,,,false,true,true,,
Chaos - World Eaters,Angron,model,f4b8-1179-de57-4d69,Chaos - World Eaters.cat,attack_modifier,Damaged: 1-6 wounds remaining,Damaged: 1-6 wounds remaining: -1 to hit,-1,0,none,none,,,false,true,true,,
Chaos - World Eaters,Bloodthirster,model,4ad2-bd20-6dfe-776b,Chaos - World Eaters.cat,attack_modifier,Daemon Lord of Khorne (Aura),"Daemon Lord of Khorne (Aura): +1 to hit, vs DAEMON",1,0,none,none,,,false,false,true,daemon,
Chaos - World Eaters,Bloodthirster,model,4ad2-bd20-6dfe-776b,Chaos - World Eaters.cat,attack_modifier,Damaged: 1-6 wounds remaining,Damaged: 1-6 wounds remaining: -1 to hit,-1,0,none,none,,,false,true,true,,
Chaos - World Eaters,Chaos Predator Destructor,model,04a0-269e-3bab-2c61,Chaos - World Eaters.cat,attack_modifier,Punishing Suppression,"Punishing Suppression: -1 to hit, vs MONSTER/VEHICLE",-1,0,none,none,,,false,true,true,monster; vehicle,
Chaos - World Eaters,Eightbound,unit,9435-1f44-7e5b-d510,Chaos - World Eaters.cat,attack_modifier,Beacons of Rage (Aura),"Beacons of Rage (Aura): +1 to hit, +1 to wound, vs MONSTER/VEHICLE",1,1,none,none,,,false,false,true,monster; vehicle,
Chaos - World Eaters,Heldrake,model,de2e-8fae-9d22-24a4,Chaos - World Eaters.cat,attack_modifier,Airborne Predator,"Airborne Predator: +1 to hit, vs FLY",1,0,none,none,,,false,true,true,fly,
Chaos - World Eaters,Hellblade [Legends],model,7320-3dba-703c-b3f0,Chaos - World Eaters.cat,attack_modifier,Interceptor,"Interceptor: +1 to hit, vs FLY",1,0,none,none,,,false,true,true,fly,
Chaos - World Eaters,Khorne Lord of Skulls,model,836c-f65b-6bcb-9663,Chaos - World Eaters.cat,attack_modifier,Damaged: 1-8 wounds remaining,"Damaged: 1-8 wounds remaining: -1 to hit, vs CHARACTER",-1,0,none,none,,,false,true,true,character,
Chaos - World Eaters,Maulerfiend,model,a619-8a52-be03-3bd5,Chaos - World Eaters.cat,attack_modifier,Savage Exaltation,"Savage Exaltation: +1 to hit, +1 to wound",1,1,none,none,,,false,false,true,,
Imperium - Adepta Sororitas,Castigator,model,820-1e76-78cc-931a,Imperium - Adepta Sororitas.cat,attack_modifier,Damaged: 1-4 Wounds Remaining,Damaged: 1-4 Wounds Remaining: -1 to hit,-1,0,none,none,,,false,true,true,,
Imperium - Adepta Sororitas,Exorcist,model,684e-4dd3-340a-23ee,Imperium - Adepta Sororitas.cat,attack_modifier,Damaged: 1-4 Wounds Remaining,Damaged: 1-4 Wounds Remaining: -1 to hit,-1,0,none,none,,,false,true,true,,
Imperium - Adepta Sororitas,Junith Eruita,model,8f9a-8a8b-2539-547f,Imperium - Adepta Sororitas.cat,attack_modifier,The Pulpit of Saint Holline’s Basilica,The Pulpit of Saint Holline’s Basilica: -1 to hit,-1,0,none,none,,,false,true,true,,
Imperium - Adepta Sororitas,Ministorum Priest,model,599d-1e2a-eb0e-430e,Imperium - Adepta Sororitas.cat,attack_modifier,Righteous Smiting,Righteous Smiting: +1 to wound,0,1,none,none,,,false,false,true,,
Imperium - Adepta Sororitas,Paragon Warsuits,unit,e75d-a7ac-7fcc-d302,Imperium - Adepta Sororitas.cat,attack_modifier,Righteous Paragons,"Righteous Paragons: +1 to hit, +1 to wound, vs MONSTER/VEHICLE",1,1,none,none,,,false,true,true,monster; vehicle,
Imperium - Adepta Sororitas,Retributor Squad,unit,c49d-f150-4b3-c118,Imperium - Adepta Sororitas.cat,attack_modifier,Storm of Retribution,"Storm of Retribution: +1 to hit, +1 to wound",1,1,none,none,,,false,true,true,,
Imperium - Adeptus Astartes - Black Templars,Gladiator Valiant,model,5704-ffe4-4a53-8789,Imperium - Black Templars.cat,attack_modifier,Ferocious Assault,"Ferocious Assault: +1 to hit, vs MONSTER/VEHICLE",1,0,none,none,,,false,true,true,monster; vehicle,
Imperium - Adeptus Astartes - Blood Angels,Captain Tycho [Legends],model,ae0a-e23c-2184-7c65,Imperium - Blood Angels.cat,attack_modifier,Gifted Commander,Gifted Commander: Assault,0,0,none,none,Assault,,false,true,false,,
Imperium - Adeptus Astartes - Blood Angels,Commander Dante,model,7323-ebf-9afe-7e7a,Imperium - Blood Angels.cat,attack_modifier,Lord Regent of the Imperium Nihilus,Lord Regent of the Imperium Nihilus: +1 to hit,1,0,none,none,,,false,true,true,,
Imperium - Adeptus Astartes - Blood Angels,Lemartes,model,cbc2-18c9-45b6-6327,Imperium - Blood Angels.cat,damage_reduction,Guardian of the Lost,"While this model is leading a unit, each time an attack is allocated to a model in that unit, subtract 1 from the Damage characteristic of that attack.",,,,,,,,,,,1.00
Imperium - Adeptus Astartes - Blood Angels,Sanguinary Guard,unit,25e4-ead-faac-2531,Imperium - Blood Angels.cat,attack_modifier,Angelic Visage,Angelic Visage: -1 to hit,-1,0,none,none,,,false,false,true,,
Imperium - Adeptus Astartes - Blood Angels,Sanguinary Guard,unit,25e4-ead-faac-2531,Imperium - Blood Angels.cat,attack_modifier,Heirs of Azkaellon,"Heirs of Azkaellon: -1 to wound, vs CHARACTER",0,-1,none,none,,,false,false,true,character,
Imperium - Adeptus Astartes - Dark Angels,Deathwing Knights,unit,a6cc-9a65-dbf1-71b0,Imperium - Dark Angels.cat,damage_reduction,Inner Circle,"Each time an attack is allocated to a model in this unit, subtract 1 from the Damage characteristic of that attack.",,,,,,,,,,,1.00
Imperium - Adeptus Astartes - Dark Angels,Deathwing Strikemaster [Legends],model,ebd0-6939-6305-6d16,Imperium - Dark Angels.cat,attack_modifier,Vanquish the Foe,"Vanquish the Foe: +1 to hit, +1 to wound",1,1,none,none,,,false,true,true,,
Imperium - Adeptus Astartes - Dark Angels,Deathwing Terminator Squad,unit,6135-d842-8e61-889d,Imperium - Dark Angels.cat,attack_modifier,Deathwing,"Deathwing: +1 to hit, vs CHARACTER",1,0,none,none,,,false,true,true,character,
Imperium - Adeptus Astartes - Dark Angels,Inner Circle Companions,unit,f34-e2f9-c98e-1916,Imperium - Dark Angels.cat,attack_modifier,Braziers of Judgement,"Braziers of Judgement: -1 to hit, vs CHARACTER",-1,0,none,none,,,false,true,true,character,
Imperium - Adeptus Astartes - Dark Angels,Inner Circle Companions,unit,f34-e2f9-c98e-1916,Imperium - Dark Angels.cat,attack_modifier,Emnity for the Unworthy,"Emnity for the Unworthy: +1 to hit, vs CHARACTER",1,0,none,none,,,false,true,true,character,
Imperium - Adeptus Astartes - Dark Angels,Lion El'Jonson,model,15d3-ebc7-d28b-daf4,Imperium - Dark Angels.cat,attack_modifier,The Emperor's Shield,"The Emperor's Shield: -1 to wound, vs CHARACTER",0,-1,none,none,,,false,true,true,character,
Imperium - Adeptus Astartes - Dark Angels,Nephilim Jetfighter,model,4f36-6609-efac-baa6,Imperium - Dark Angels.cat,attack_modifier,Damaged: 1-3 Wounds Remaining,Damaged: 1-3 Wounds Remaining: -1 to hit,-1,0,none,none,,,false,true,true,,
Imperium - Adeptus Astartes - Dark Angels,Nephilim Jetfighter,model,4f36-6609-efac-baa6,Imperium - Dark Angels.cat,attack_modifier,Lightning-fast Manoeuvres,"Lightning-fast Manoeuvres: -1 to hit, -1 to wound, vs FLY",-1,-1,none,none,,,false,true,true,fly,
Imperium - Adeptus Astartes - Dark Angels,Ravenwing Black Knights,unit,212d-f302-aaaf-5c12,Imperium - Dark Angels.cat,attack_modifier,Knights of Caliban,"Knights of Caliban: Anti-MONSTER 4+/VEHICLE 4+, vs MONSTER/VEHICLE",0,0,none,none,,monster:4+; vehicle:4+,false,false,true,monster; vehicle,
Imperium - Adeptus Astartes - Dark Angels,Ravenwing Dark Talon,model,9b3d-e812-4248-522,Imperium - Dark Angels.cat,attack_modifier,Damaged: 1-3 Wounds Remaining,Damaged: 1-3 Wounds Remaining: -1 to hit,-1,0,none,none,,,false,true,true,,
Imperium - Adeptus Astartes - Dark Angels,Ravenwing Talonmaster [Legends],model,a2b6-e35-67a8-d76e,Imperium - Dark Angels.cat,attack_modifier,Nowhere To Hide,"Nowhere To Hide: Ignore Cover, vs FLY/VEHICLE",0,0,none,none,,,true,true,false,fly; vehicle,
Imperium - Adeptus Astartes - Deathwatch,Corvus Blackstar,model,d861-972b-54f9-bdfa,Imperium - Deathwatch.cat,attack_modifier,Damaged: 1-5 Wounds Remaining,Damaged: 1-5 Wounds Remaining: -1 to hit,-1,0,none,none,,,false,true,true,,
Imperium - Adeptus Astartes - Deathwatch,Fortis Kill Team,unit,a077-e1c9-f8f0-d38,Imperium - Deathwatch.cat,attack_modifier,Fortis Doctrines,"Fortis Doctrines: +2 to hit, +1 to wound",2,1,none,none,,,false,true,true,,
Imperium - Adeptus Astartes - Imperial Fists,Darnath Lysander,model,eecd-6976-6410-1e42,Imperium - Imperial Fists.cat,attack_modifier,Icon of Obstinacy,"Icon of Obstinacy: -1 to wound, vs CHARACTER",0,-1,none,none,,,false,true,true,character,
Imperium - Adeptus Astartes - Imperial Fists,Pedro Kantor,model,59e3-5a97-f36d-5b94,Imperium - Imperial Fists.cat,attack_modifier,To the Last,"To the Last: +1 to hit, +1 to wound",1,1,none,none,,,false,true,true,,
Imperium - Adeptus Astartes - Imperial Fists,Tor Garadon,model,5936-83d6-4e30-915c,Imperium - Imperial Fists.cat,attack_modifier,Signum Array,Signum Array: Ignore Cover,0,0,none,none,,,true,true,true,,
Imperium - Adeptus Astartes - Iron Hands,Iron Father Feirros,model,6c9d-4ec3-69dd-90b2,Imperium - Iron Hands.cat,attack_modifier,Master of the Forge,"Master of the Forge: +1 to hit, vs VEHICLE",1,0,none,none,,,false,true,true,vehicle,
Imperium - Adeptus Astartes - Space Marines,Ancient in Terminator Armor,model,fc7f-8176-c10c-ca8,Imperium - Space Marines.cat,attack_modifier,Keep the Banner High,"Keep the Banner High: +1 to hit, +1 to wound",1,1,none,none,,,false,true,true,,
Imperium - Adeptus Astartes - Space Marines,Astraeus,model,98db-fff3-b1b2-e22f,Imperium - Space Marines.cat,attack_modifier,Suppression Fire,Suppression Fire: -1 to hit,-1,0,none,none,,,false,true,true,,
Imperium - Adeptus Astartes - Space Marines,Captain on Bike [Legends],model,faf9-bf62-8eb5-a3cb,Imperium - Space Marines.cat,attack_modifier,Swift Assault,Swift Assault: Assault,0,0,none,none,Assault,,false,true,true,,
Imperium - Adeptus Astartes - Space Marines,Company Heroes,unit,2f2e-d99b-b235-163a,Imperium - Space Marines.cat,attack_modifier,Command Squad,"Command Squad: -1 to wound, vs CHARACTER",0,-1,none,none,,,false,true,true,character,
Imperium - Adeptus Astartes - Space Marines,Desolation Squad,unit,a3ea-7a0d-fef8-23bf,Imperium - Space Marines.cat,attack_modifier,Targeter Optics,Targeter Optics: Ignore Cover,0,0,none,none,,,true,true,false,,
Imperium - Adeptus Astartes - Space Marines,Devastator Squad,unit,3f4c-1e67-66dc-ffa5,Imperium - Space Marines.cat,attack_modifier,Signum,Signum: Ignore Cover,0,0,none,none,,,true,true,false,,
Imperium - Adeptus Astartes - Space Marines,Gladiator Valiant,model,6b89-8147-9b6b-6db1,Imperium - Space Marines.cat,attack_modifier,Ferocious Assault,"Ferocious Assault: +1 to hit, vs MONSTER/VEHICLE",1,0,none,none,,,false,true,true,monster; vehicle,
Imperium - Adeptus Astartes - Space Marines,Hammerfall Bunker,model,5882-9143-e7c5-ac11,Imperium - Space Marines.cat,attack_modifier,Fortification,Fortification: -1 to hit,-1,0,none,none,,,false,true,true,,
Imperium - Adeptus Astartes - Space Marines,Imperial Space Marine [Legends],model,faa-3b84-1365-9c22,Imperium - Space Marines.cat,attack_modifier,Swift Assault,Swift Assault: Assault,0,0,none,none,Assault,,false,true,true,,
Imperium - Adeptus Astartes - Space Marines,Incursor Squad,unit,527c-120e-9e4e-9bfe,Imperium - Space Marines.cat,attack_modifier,Multi-spectrum Array,Multi-spectrum Array: +1 to hit,1,0,none,none,,,false,true,true,,
Imperium - Adeptus Astartes - Space Marines,Ironclad Dreadnought [Legends],model,64c7-8b87-1b4f-7850,Imperium - Space Marines.cat,attack_modifier,Siege-breaker Protocols,"Siege-breaker Protocols: +1 to hit, +1 to wound, vs VEHICLE",1,1,none,none,,,false,false,true,vehicle,
Imperium - Adeptus Astartes - Space Marines,Land Speeder [Legends],model,5031-c88d-5a9c-754d,Imperium - Space Marines.cat,attack_modifier,Target Sighted,"Target Sighted: +1 to hit, Ignore Cover",1,0,none,none,,,true,true,true,,
Imperium - Adeptus Astartes - Space Marines,Land Speeder Tempest [Legends],model,d4ad-4638-c7a7-1af6,Imperium - Space Marines.cat,attack_modifier,Isolate and Destroy,Isolate and Destroy: +1 to wound,0,1,none,none,,,false,true,true,,
Imperium - Adeptus Astartes - Space Marines,Redemptor Dreadnought,model,1d94-b3c8-9205-827e,Imperium - Space Marines.cat,damage_reduction,Duty Eternal,"Each time an attack is allocated to this model, subtract 1 from the Damage characteristic of that attack",,,,,,,,,,,1.00
Imperium - Adeptus Astartes - Space Marines,Relic Terminator Squad [Legends],unit,9d3f-134e-1f5b-531a,Imperium - Space Marines.cat,attack_modifier,Fury of the First,"Fury of the First: +1 to hit, vs CHARACTER",1,0,none,none,,,false,true,true,character,
Imperium - Adeptus Astartes - Space Marines,Repulsor Executioner,model,9259-f166-15f2-7f79,Imperium - Space Marines.cat,attack_modifier,Executioner,Executioner: +1 to hit,1,0,none,none,,,false,true,true,,
Imperium - Adeptus Astartes - Space Marines,Storm Speeder Thunderstrike,model,993a-9cbc-8052-e40,Imperium - Space Marines.cat,attack_modifier,Thunderstrike,"Thunderstrike: +1 to wound, vs MONSTER/VEHICLE",0,1,none,none,,,false,true,true,monster; vehicle,
Imperium - Adeptus Astartes - Space Marines,Stormhawk Interceptor,model,3d99-47aa-8cf3-883f,Imperium - Space Marines.cat,attack_modifier,Interceptor,"Interceptor: +1 to hit, vs FLY",1,0,none,none,,,false,true,true,fly,
Imperium - Adeptus Astartes - Space Marines,Stormraven Gunship,model,469b-3370-30f3-473a,Imperium - Space Marines.cat,damage_reduction,Armoured Resilience,"Each time an attack is allocated to this model, subtract 1 from the Damage characteristic of that attack.",,,,,,,,,,,1.00
Imperium - Adeptus Astartes - Space Marines,Stormtalon Gunship,model,1bb6-878e-7af1-5bdb,Imperium - Space Marines.cat,attack_modifier,Strafing Run,"Strafing Run: +1 to hit, vs FLY",1,0,none,none,,,false,true,true,fly,
Imperium - Adeptus Astartes - Space Marines,Suppressor Squad,unit,97f6-b1f8-c72d-e826,Imperium - Space Marines.cat,attack_modifier,Suppression Fire,Suppression Fire: -1 to hit,-1,0,none,none,,,false,true,true,,
Imperium - Adeptus Astartes - Space Marines,Techmarine,model,e671-cd3a-2b03-3954,Imperium - Space Marines.cat,attack_modifier,Blessing of the Omnissiah,"Blessing of the Omnissiah: +1 to hit, vs VEHICLE",1,0,none,none,,,false,true,true,vehicle,
Imperium - Adeptus Astartes - Space Marines,Techmarine on Bike [Legends],model,33e2-3ddf-7063-df9e,Imperium - Space Marines.cat,attack_modifier,Blessing of the Omnissiah,"Blessing of the Omnissiah: +1 to hit, vs VEHICLE",1,0,none,none,,,false,true,true,vehicle,
Imperium - Adeptus Astartes - Space Marines,Terminator Squad,unit,4808-a80b-309a-7933,Imperium - Space Marines.cat,attack_modifier,Fury of the First,Fury of the First: +1 to hit,1,0,none,none,,,false,true,true,,
Imperium - Adeptus Astartes - Space Marines,Thunderhawk Gunship,model,3416-dfee-84ee-e21d,Imperium - Space Marines.cat,attack_modifier,Damaged: 1-10 wounds remaining,Damaged: 1-10 wounds remaining: -1 to hit,-1,0,none,none,,,false,true,true,,
Imperium - Adeptus Astartes - Space Marines,Thunderhawk Transporter [Legends],model,1051-f1e8-4ef2-4575,Imperium - Space Marines.cat,attack_modifier,Damaged: 1-10 wounds remaining,Damaged: 1-10 wounds remaining: -1 to hit,-1,0,none,none,,,false,true,true,,
Imperium - Adeptus Astartes - Space Wolves,Bjorn the Fell-Handed,model,c35a-6d78-2169-3d23,Imperium - Space Wolves.cat,attack_modifier,Legendary Tenacity,"Legendary Tenacity: -1 to wound, vs CHARACTER",0,-1,none,none,,,false,true,true,character,
Imperium - Adeptus Astartes - Space Wolves,Cyberwolf [Legends],model,6a06-e50c-2c7d-3ec3,Imperium - Space Wolves.cat,attack_modifier,Close In for the Kill,"Close In for the Kill: +1 to hit, +1 to wound",1,1,none,none,,,false,true,true,,
Imperium - Adeptus Astartes - Space Wolves,Hounds of Morkai [Legends],unit,f37d-87d6-e14c-e697,Imperium - Space Wolves.cat,attack_modifier,Morkai’s Howl,"Morkai’s Howl: -1 to hit, vs PSYKER",-1,0,none,none,,,false,true,true,psyker,
Imperium - Adeptus Astartes - Space Wolves,Iron Priest on Thunderwolf [Legends],model,6a01-437c-998a-f48e,Imperium - Space Wolves.cat,attack_modifier,Blessing of the Omnissiah,"Blessing of the Omnissiah: +1 to hit, vs VEHICLE",1,0,none,none,,,false,true,true,vehicle,
Imperium - Adeptus Astartes - Space Wolves,Krom Dragongaze [Legends],model,af71-2b1b-2eee-d2be,Imperium - Space Wolves.cat,attack_modifier,Refuse to Accept Defeat,"Refuse to Accept Defeat: +1 to hit, +1 to wound",1,1,none,none,,,false,true,true,,
Imperium - Adeptus Astartes - Space Wolves,Lukas the Trickster [Legends],model,6044-a19c-fd13-fdb8,Imperium - Space Wolves.cat,attack_modifier,Pelt of the Doppelgangrel:,Pelt of the Doppelgangrel:: -1 to hit,-1,0,none,none,,,false,true,true,,
Imperium - Adeptus Astartes - Space Wolves,Njal Stormcaller,model,bd47-a00a-e70-abd6,Imperium - Space Wolves.cat,attack_modifier,Wind Walker (Psychic),"Wind Walker (Psychic): Assault, vs CHARACTER/WALKER",0,0,none,none,Assault,,false,true,false,character; walker,
Imperium - Adeptus Astartes - Space Wolves,Skyclaws [Legends],unit,b556-b0e1-3b4e-597a,Imperium - Space Wolves.cat,attack_modifier,Headstrong,Headstrong: +1 to hit,1,0,none,none,,,false,false,true,,
Imperium - Adeptus Astartes - Space Wolves,Ulrik the Slayer,model,fc7c-83a5-7106-41ab,Imperium - Space Wolves.cat,attack_modifier,Oathbound,"Oathbound: +1 to hit, +1 to wound",1,1,none,none,,,false,false,true,,
Imperium - Adeptus Astartes - Space Wolves,Wolf Guard [Legends],unit,8486-fe44-efc3-e51b,Imperium - Space Wolves.cat,attack_modifier,Chosen Companions,"Chosen Companions: +1 to hit, vs CHARACTER",1,0,none,none,,,false,true,true,character,
Imperium - Adeptus Astartes - Space Wolves,Wolf Guard Terminators,unit,ca30-caf3-d7a8-1d32,Imperium - Space Wolves.cat,attack_modifier,Rugged Resilience,"Rugged Resilience: -1 to wound, vs CHARACTER",0,-1,none,none,,,false,true,true,character,
Imperium - Adeptus Astartes - Space Wolves,Wolf Scouts,unit,ee6b-3815-3a1a-6458,Imperium - Space Wolves.cat,attack_modifier,Deadly Stalkers,Deadly Stalkers: +1 to wound,0,1,none,none,,,false,true,true,,
Imperium - Adeptus Astartes - Space Wolves,Wulfen Dreadnought,model,91fa-49ac-5b0a-c155,Imperium - Space Wolves.cat,attack_modifier,Violent Fury,Violent Fury: Twin-linked,0,0,none,none,Twin-linked,,false,false,true,,
Imperium - Adeptus Astartes - Space Wolves,Wulfen with Storm Shields,unit,4c72-3f0c-7f94-af96,Imperium - Space Wolves.cat,attack_modifier,Hammer Blow,"Hammer Blow: -1 to hit, vs MONSTER/VEHICLE",-1,0,none,none,,,false,true,true,monster; vehicle,
Imperium - Adeptus Astartes - Ultramarines,Captain Sicarius,model,2ae8-40ec-ba34-dfe5,Imperium - Ultramarines.cat,attack_modifier,Lead From the Front,Lead From the Front: Assault,0,0,none,none,Assault,,false,true,true,,
Imperium - Adeptus Astartes - Ultramarines,Chief Librarian Tigurius,model,3ef1-1647-cd7b-a40b,Imperium - Ultramarines.cat,attack_modifier,Master of Prescience (Psychic),Master of Prescience (Psychic): -1 to hit,-1,0,none,none,,,false,true,true,,
Imperium - Adeptus Astartes - Ultramarines,Sergeant Telion [Legends],model,696a-899e-514b-4a04,Imperium - Ultramarines.cat,attack_modifier,Voice of Experience,"Voice of Experience: +1 to hit, vs CHARACTER",1,0,none,none,,,false,true,true,character,
Imperium - Adeptus Astartes - Ultramarines,Ultramarines Honour Guard [Legends],unit,f4a3-1616-2f8e-59a3,Imperium - Ultramarines.cat,attack_modifier,Honour Guard,Honour Guard: -1 to wound,0,-1,none,none,,,false,true,true,,
Imperium - Adeptus Astartes - White Scars,Kor'sarro Khan,model,63f3-6aeb-c9ed-abfc,Imperium - White Scars.cat,attack_modifier,For the Khan!,For the Khan!: Assault,0,0,none,none,Assault,,false,false,true,,
Imperium - Adeptus Custodes,Aleya,model,9e42-7207-9c30-6122,Imperium - Adeptus Custodes.cat,attack_modifier,Tenacious Spirit,"Tenacious Spirit: +1 to hit, +1 to wound",1,1,none,none,,,false,true,true,,
Imperium - Adeptus Custodes,Ares Gunship,model,9335-74d9-ad68-3ff7,Imperium - Adeptus Custodes.cat,attack_modifier,Damaged: 1-7 wounds remaining,Damaged: 1-7 wounds remaining: -1 to hit,-1,0,none,none,,,false,true,true,,
Imperium - Adeptus Custodes,Caladius Grav-tank,model,3ee2-62a9-af84-1a90,Imperium - Adeptus Custodes.cat,attack_modifier,Damaged: 1-5 wounds remaining,Damaged: 1-5 wounds remaining: -1 to hit,-1,0,none,none,,,false,true,true,,
Imperium - Adeptus Custodes,Contemptor-Galatus Dreadnought,model,4988-d93e-5034-2b3c,Imperium - Adeptus Custodes.cat,attack_modifier,Galatus Shield,Galatus Shield: -1 to wound,0,-1,none,none,,,false,false,true,,
Imperium - Adeptus Custodes,Coronus Grav-carrier,model,f35e-ef9c-9ef4-77e1,Imperium - Adeptus Custodes.cat,attack_modifier,Damaged: 1-5 wounds remaining,Damaged: 1-5 wounds remaining: -1 to hit,-1,0,none,none,,,false,true,true,,
Imperium - Adeptus Custodes,Custodian Guard with Adrasite and Pyrithite spears,unit,af0f-5212-907e-7125,Imperium - Adeptus Custodes.cat,attack_modifier,No Foe Shall Stand,No Foe Shall Stand: Ignore Cover,0,0,none,none,,,true,true,false,,
Imperium - Adeptus Custodes,Custodian Wardens,unit,9610-b148-8433-93b8,Imperium - Adeptus Custodes.cat,attack_modifier,Resolute Will,"Resolute Will: -1 to wound, vs CHARACTER",0,-1,none,none,,,false,true,true,character,
Imperium - Adeptus Custodes,Orion Assault Dropship,model,9c1a-7efd-ed36-440e,Imperium - Adeptus Custodes.cat,attack_modifier,Damaged: 1-7 wounds remaining,Damaged: 1-7 wounds remaining: -1 to hit,-1,0,none,none,,,false,true,true,,
Imperium - Adeptus Custodes,Pallas Grav-attack,model,06df-2fb2-8dfa-2fce,Imperium - Adeptus Custodes.cat,attack_modifier,Merciless Hunter,Merciless Hunter: +1 to wound,0,1,none,none,,,false,true,true,,
Imperium - Adeptus Custodes,Sagittarum Custodians,unit,6f9f-e6aa-ba13-aab1,Imperium - Adeptus Custodes.cat,attack_modifier,Saturation Volleys,"Saturation Volleys: -1 to hit, vs MONSTER/VEHICLE",-1,0,none,none,,,false,true,true,monster; vehicle,
Imperium - Adeptus Custodes,Telemon Heavy Dreadnought,model,e7d8-1c73-7d03-8b62,Imperium - Adeptus Custodes.cat,attack_modifier,Damaged: 1-4 wounds remaining,Damaged: 1-4 wounds remaining: -1 to hit,-1,0,none,none,,,false,true,true,,
Imperium - Adeptus Custodes,Telemon Heavy Dreadnought,model,e7d8-1c73-7d03-8b62,Imperium - Adeptus Custodes.cat,damage_reduction,Guardian Eternal,"Each time an attack is allocated to this model, subtract 1 from the Damage characteristic of that attack.",,,,,,,,,,,1.00
Imperium - Adeptus Custodes,Venerable Land Raider,model,76be-3bcb-cf4-bcbd,Imperium - Adeptus Custodes.cat,attack_modifier,Damaged: 1-5 Wounds remaining,Damaged: 1-5 Wounds remaining: -1 to hit,-1,0,none,none,,,false,true,true,,
Imperium - Adeptus Custodes,Vigilators,unit,dd2d-568a-9c56-1b6e,Imperium - Adeptus Custodes.cat,attack_modifier,Deft Parry,Deft Parry: -1 to hit,-1,0,none,none,,,false,false,true,,
Imperium - Adeptus Mechanicus,Archaeopter Stratoraptor,model,d54e-1007-26b5-6a79,Imperium - Adeptus Mechanicus.cat,attack_modifier,Strafing Run,"Strafing Run: +1 to hit, vs FLY",1,0,none,none,,,false,true,true,fly,
Imperium - Adeptus Mechanicus,Fulgurite Electro-Priests,unit,841-f339-8086-efe2,Imperium - Adeptus Mechanicus.cat,attack_modifier,Electro-Infusion,"Electro-Infusion: -1 to wound, vs CHARACTER",0,-1,none,none,,,false,true,true,character,
Imperium - Adeptus Mechanicus,Hastarii Fusiliers,unit,d653-1ac3-d944-224f,Imperium - Adeptus Mechanicus.cat,attack_modifier,Monocular Targeting Helms,"Monocular Targeting Helms: Ignore Cover, vs MONSTER/VEHICLE",0,0,none,none,,,true,true,true,monster; vehicle,
Imperium - Adeptus Mechanicus,Ironstrider Alpha [Crucible],model,6b3e-11ad-7a9d-ca5d,Imperium - Adeptus Mechanicus.cat,attack_modifier,Vector of the Omnissiah's Wrath,Vector of the Omnissiah's Wrath: Ignore Cover,0,0,none,none,,,true,true,false,,
Imperium - Adeptus Mechanicus,Onager Dunecrawler,model,ea05-4db7-9ee6-7a87,Imperium - Adeptus Mechanicus.cat,attack_modifier,Damaged: 1-4 wounds remaining,Damaged: 1-4 wounds remaining: -1 to hit,-1,0,none,none,,,false,true,true,,
Imperium - Adeptus Mechanicus,Secutarii Peltasts [Legends],unit,7774-a50b-cb1e-8372,Imperium - Adeptus Mechanicus.cat,attack_modifier,Blind Barrage,"Blind Barrage: -1 to hit, vs INFANTRY",-1,0,none,none,,,false,true,true,infantry,
Imperium - Adeptus Mechanicus,Skorpius Disintegrator,model,3fcc-b6a1-399b-1a29,Imperium - Adeptus Mechanicus.cat,attack_modifier,Blistering Salvoes,"Blistering Salvoes: +2 to hit, vs INFANTRY/MONSTER/VEHICLE",2,0,none,none,,,false,true,true,infantry; monster; vehicle,
Imperium - Adeptus Mechanicus,Skorpius Disintegrator,model,3fcc-b6a1-399b-1a29,Imperium - Adeptus Mechanicus.cat,attack_modifier,Damaged: 1-4 wounds remaining,Damaged: 1-4 wounds remaining: -1 to hit,-1,0,none,none,,,false,true,true,,
Imperium - Adeptus Mechanicus,Terrax-Pattern Termite [Legends],model,3639-75ba-cab2-c159,Imperium - Adeptus Mechanicus.cat,attack_modifier,Damaged: 1-5 wounds remaining,Damaged: 1-5 wounds remaining: -1 to hit,-1,0,none,none,,,false,true,true,,
Imperium - Agents of the Imperium,Corvus Blackstar,model,8b98-0ac7-a0ba-dedf,Imperium - Agents of the Imperium.cat,attack_modifier,Damaged: 1-5 Wounds Remaining,Damaged: 1-5 Wounds Remaining: -1 to hit,-1,0,none,none,,,false,true,true,,
Imperium - Agents of the Imperium,Fortis Kill Team [Legends],unit,edce-f61c-8029-897f,Imperium - Agents of the Imperium.cat,attack_modifier,Fortis Doctrines,Fortis Doctrines: +1 to hit,1,0,none,none,,,false,true,true,,
Imperium - Agents of the Imperium,Imperial Navy Breachers,unit,24d5-9987-4d2-b42b,Imperium - Agents of the Imperium.cat,attack_modifier,CAT Unit,CAT Unit: Ignore Cover,0,0,none,none,,,true,true,false,,
Imperium - Agents of the Imperium,Indomitor Kill Team [Legends],unit,c538-aaf0-5788-5c07,Imperium - Agents of the Imperium.cat,attack_modifier,Indomitor Doctrines,"Indomitor Doctrines: +1 to hit, +1 to wound",1,1,none,none,,,false,true,true,,
Imperium - Agents of the Imperium,Inquisitor Draxus,model,f3a6-de9-584e-c394,Imperium - Agents of the Imperium.cat,attack_modifier,Xenos Hunter,Xenos Hunter: +1 to hit,1,0,none,none,,,false,true,true,,
Imperium - Agents of the Imperium,Inquisitor Eisenhorn [Legends],model,d4d2-5f39-6a24-60ab,Imperium - Agents of the Imperium.cat,attack_modifier,Dominate Will (Psychic),"Dominate Will (Psychic): -1 to hit, vs INFANTRY",-1,0,none,none,,,false,true,true,infantry,
Imperium - Agents of the Imperium,Inquisitor Greyfax,model,6e0e-b9a2-f53d-ad0e,Imperium - Agents of the Imperium.cat,attack_modifier,No Mercy,No Mercy: +1 to hit,1,0,none,none,,,false,true,true,,
Imperium - Agents of the Imperium,Inquisitor Greyfax,model,6e0e-b9a2-f53d-ad0e,Imperium - Agents of the Imperium.cat,attack_modifier,Psyoculum,"Psyoculum: Anti-PSYKER 4+, vs PSYKER",0,0,none,none,,psyker:4+,false,true,true,psyker,
Imperium - Agents of the Imperium,Inquisitor Ostromandeus [Legends],unit,6315-d3e6-aa1c-69e4,Imperium - Agents of the Imperium.cat,attack_modifier,Ward Against the Malefic Arts,"Ward Against the Malefic Arts: -1 to hit, -1 to wound",-1,-1,none,none,,,false,true,true,,
Imperium - Agents of the Imperium,Inquisitorial Agents,unit,4469-7239-717e-9abd,Imperium - Agents of the Imperium.cat,attack_modifier,Loyal Henchmen,Loyal Henchmen: -1 to wound,0,-1,none,none,,,false,true,true,,
Imperium - Agents of the Imperium,Proteus Kill Team [Legends],unit,4681-2af4-acf9-2bce,Imperium - Agents of the Imperium.cat,attack_modifier,Proteus Doctrines,Proteus Doctrines: +1 to hit,1,0,none,none,,,false,true,true,,
Imperium - Agents of the Imperium,Sanctifiers,unit,4e74-3710-7a66-9d6c,Imperium - Agents of the Imperium.cat,attack_modifier,Ministorum Sermon,Ministorum Sermon: +1 to wound,0,1,none,none,,,false,false,true,,
Imperium - Agents of the Imperium,Vigilant Squad,unit,d44c-5cde-cb79-3ec3,Imperium - Agents of the Imperium.cat,attack_modifier,Merciless Judgement,Merciless Judgement: +1 to wound,0,1,none,none,,,false,true,true,,
Imperium - Agents of the Imperium,Vindicare Assassin,model,efa3-2cf5-dcfb-b976,Imperium - Agents of the Imperium.cat,attack_modifier,Shieldbreaker,Shieldbreaker: +1 to wound,0,1,none,none,,,false,true,true,,
Imperium - Astra Militarum - Library,Colossus [Legends],model,1653-dc47-25b-c71f,Imperium - Astra Militarum - Library.cat,attack_modifier,Tracking Target,"Tracking Target: Anti-MONSTER 5+/VEHICLE 5+, vs MONSTER/VEHICLE",0,0,none,none,,monster:5+; vehicle:5+,false,true,true,monster; vehicle,
Imperium - Astra Militarum - Library,Earthshaker Platform [Legends],model,cb82-5250-6959-d2c3,Imperium - Astra Militarum - Library.cat,attack_modifier,Fortification,Fortification: -1 to hit,-1,0,none,none,,,false,true,false,,
Imperium - Astra Militarum - Library,Griffon Mortar Carrier [Legends],model,7be8-bfe0-6416-8ed7,Imperium - Astra Militarum - Library.cat,attack_modifier,Suppression Bombardment,"Suppression Bombardment: -1 to hit, vs MONSTER/VEHICLE",-1,0,none,none,,,false,true,true,monster; vehicle,
Imperium - Astra Militarum - Library,Heavy Quad Launcher Team [Legends],model,5762-f71e-7693-49a6,Imperium - Astra Militarum - Library.cat,attack_modifier,Suppression Bombardment,"Suppression Bombardment: -1 to hit, vs MONSTER/VEHICLE",-1,0,none,none,,,false,true,true,monster; vehicle,
Imperium - Astra Militarum - Library,Malcador Annihilator [Legends],model,bc69-45ff-789c-90bb,Imperium - Astra Militarum - Library.cat,attack_modifier,Battlefield Dominance,Battlefield Dominance: Ignore Cover,0,0,none,none,,,true,true,false,,
Imperium - Astra Militarum - Library,Marauder Bomber [Legends],model,7f1f-38c8-1bdc-55d7,Imperium - Astra Militarum - Library.cat,attack_modifier,Damaged: 1-7 Wounds Remaining,Damaged: 1-7 Wounds Remaining: -1 to hit,-1,0,none,none,,,false,true,true,,
Imperium - Astra Militarum - Library,Marauder Destroyer [Legends],model,18f9-56ec-7334-69a7,Imperium - Astra Militarum - Library.cat,attack_modifier,Damaged: 1-7 Wounds Remaining,Damaged: 1-7 Wounds Remaining: -1 to hit,-1,0,none,none,,,false,true,true,,
Imperium - Astra Militarum - Library,Minotaur [Legends],model,92a9-a820-b7f-7dc2,Imperium - Astra Militarum - Library.cat,damage_reduction,Armoured Frontis,"Each time an attack is allocated to this model, subtract 1 from the Damage characteristic of that attack.",,,,,,,,,,,1.00
Imperium - Astra Militarum - Library,Regimental Attachés [Legends],unit,5da1-9869-294e-8187,Imperium - Astra Militarum - Library.cat,attack_modifier,Aeronautica Commander,Aeronautica Commander: +1 to hit,1,0,none,none,,,false,true,true,,
Imperium - Astra Militarum - Library,Sabre Weapons Battery [Legends],unit,3597-3243-6870-70a1,Imperium - Astra Militarum - Library.cat,attack_modifier,Fortification,Fortification: -1 to hit,-1,0,none,none,,,false,true,false,,
Imperium - Astra Militarum - Library,Sentinel Commander [Crucible],model,a040-9715-5d3a-52af,Imperium - Astra Militarum - Library.cat,attack_modifier,Mobile Firebase,Mobile Firebase: Assault,0,0,none,none,Assault,,false,true,false,,
Imperium - Astra Militarum - Library,Sergeant Harker [Legends],model,a8d5-81f9-96a0-fd12,Imperium - Astra Militarum - Library.cat,attack_modifier,Harker’s Hellraisers,Harker’s Hellraisers: -1 to hit,-1,0,none,none,,,false,true,true,,
Imperium - Astra Militarum - Library,Stygies Destroyer Tank Hunter [Legends],model,28d1-70b2-70be-c998,Imperium - Astra Militarum - Library.cat,attack_modifier,Tank Hunter,"Tank Hunter: +1 to wound, vs VEHICLE",0,1,none,none,,,false,true,true,vehicle,
Imperium - Astra Militarum - Library,Valkyrie,model,9665-3160-8a04-d2bc,Imperium - Astra Militarum - Library.cat,attack_modifier,Damaged: 1-5 Wounds Remaining,Damaged: 1-5 Wounds Remaining: -1 to hit,-1,0,none,none,,,false,true,true,,
Imperium - Astra Militarum - Library,Voss-pattern Lightning [Legends],model,ed3d-fa87-4f0d-d10c,Imperium - Astra Militarum - Library.cat,attack_modifier,Agile Dogfighter,Agile Dogfighter: -1 to hit,-1,0,none,none,,,false,true,true,,
Imperium - Astra Militarum - Library,Wyvern,model,d11b-c49d-41bf-1f36,Imperium - Astra Militarum - Library.cat,attack_modifier,Suppression Bombardment,"Suppression Bombardment: -1 to hit, vs MONSTER/VEHICLE",-1,0,none,none,,,false,true,true,monster; vehicle,
Imperium - Grey Knights,Brotherhood Techmarine,model,f667-5267-f241-37,Imperium - Grey Knights.cat,attack_modifier,Blessing of the Omnissiah,"Blessing of the Omnissiah: +1 to hit, vs VEHICLE",1,0,none,none,,,false,true,true,vehicle,
Imperium - Grey Knights,Dreadknight Champion [Crucible],model,e60e-8ccf-41b2-292e,Imperium - Grey Knights.cat,attack_modifier,Damaged: 1-4 Wounds Remaining,Damaged: 1-4 Wounds Remaining: -1 to hit,-1,0,none,none,,,false,true,true,,
Imperium - Grey Knights,Grand Master Voldus,model,7256-bb3a-3e79-31fe,Imperium - Grey Knights.cat,attack_modifier,Sanctuary (Psychic),Sanctuary (Psychic): -1 to hit,-1,0,none,none,,,false,true,true,,
Imperium - Grey Knights,Grey Knights Thunderhawk Gunship,model,8989-2fd2-4d29-e795,Imperium - Grey Knights.cat,attack_modifier,Damaged: 1-10 Wounds Remaining,Damaged: 1-10 Wounds Remaining: -1 to hit,-1,0,none,none,,,false,true,true,,
Imperium - Grey Knights,Stormhawk Interceptor,model,fa-e288-2107-d22e,Imperium - Grey Knights.cat,attack_modifier,Interceptor,"Interceptor: +1 to hit, vs FLY",1,0,none,none,,,false,true,true,fly,
Imperium - Grey Knights,Stormraven Gunship,model,2efe-459b-9562-e7a9,Imperium - Grey Knights.cat,damage_reduction,Armoured Resilience,"Each time an attack is allocated to this model, subtract 1 from the Damage characteristic of that attack.",,,,,,,,,,,1.00
Imperium - Grey Knights,Stormtalon Gunship,model,84ac-b9ea-921f-9082,Imperium - Grey Knights.cat,attack_modifier,Strafing Run,"Strafing Run: +1 to hit, vs FLY",1,0,none,none,,,false,true,true,fly,
Imperium - Grey Knights,Venerable Daemon Slayer [Crucible],model,2a2d-1f49-9373-4084,Imperium - Grey Knights.cat,attack_modifier,Guidance of the Ancients,Guidance of the Ancients: +1 to hit,1,0,none,none,,,false,true,true,,
Imperium - Grey Knights,Venerable Dreadnought,model,bd43-b303-66e0-4c10,Imperium - Grey Knights.cat,attack_modifier,Guidance of the Ancients (Psychic),Guidance of the Ancients (Psychic): +1 to hit,1,0,none,none,,,false,true,true,,
Imperium - Imperial Knights - Library,Armiger Helverin,model,7314-3c4a-36ab-a594,Imperium - Imperial Knights - Library.cat,attack_modifier,Suppression Protocols,"Suppression Protocols: -1 to hit, vs MONSTER/VEHICLE",-1,0,none,none,,,false,true,true,monster; vehicle,
Imperium - Imperial Knights - Library,Cerastus Knight Atrapos,model,37a7-d156-1e4c-8fe1,Imperium - Imperial Knights - Library.cat,attack_modifier,Macro-extinction Protocols,"Macro-extinction Protocols: +1 to hit, +1 to wound, vs MONSTER/TITANIC/VEHICLE",1,1,none,none,,,false,true,true,monster; titanic; vehicle,
Imperium - Imperial Knights - Library,Cerastus Knight Castigator,model,1654-5c17-474e-2d84,Imperium - Imperial Knights - Library.cat,attack_modifier,Storm of Bolts,"Storm of Bolts: -1 to hit, vs MONSTER/VEHICLE",-1,0,none,none,,,false,true,true,monster; vehicle,
Imperium - Imperial Knights - Library,Knight Destrier,model,10d8-d702-f556-5d3c,Imperium - Imperial Knights - Library.cat,attack_modifier,Damaged: 1-6 Wounds Remaining,"Damaged: 1-6 Wounds Remaining: -1 to hit, vs CHARACTER",-1,0,none,none,,,false,true,true,character,
Imperium - Imperial Knights - Library,Knight Destrier,model,10d8-d702-f556-5d3c,Imperium - Imperial Knights - Library.cat,attack_modifier,Saturation Fire,Saturation Fire: Ignore Cover,0,0,none,none,,,true,true,true,,
Imperium - Imperial Knights - Library,Knight Errant,model,9efd-ec72-353f-4b23,Imperium - Imperial Knights - Library.cat,attack_modifier,Aggressive Assault,Aggressive Assault: +1 to hit,1,0,none,none,,,false,true,true,,
Library - Astartes Heresy Legends,Chaos Thunderhawk [Legends],model,6844-986c-b0ea-6dd5,Library - Astartes Heresy Legends.cat,attack_modifier,Damaged: 1-10 wounds remaining,Damaged: 1-10 wounds remaining: -1 to hit,-1,0,none,none,,,false,true,true,,
Library - Astartes Heresy Legends,Fire Raptor Gunship [Legends],model,1fc7-7880-e4d4-acbf,Library - Astartes Heresy Legends.cat,attack_modifier,Strafing Run,"Strafing Run: +1 to hit, vs FLY",1,0,none,none,,,false,true,true,fly,
Library - Astartes Heresy Legends,Greater Brass Scorpion [Legends],model,f564-7bc-21a6-7796,Library - Astartes Heresy Legends.cat,attack_modifier,Damaged: 1-9 wounds remaining,"Damaged: 1-9 wounds remaining: -1 to hit, vs CHARACTER",-1,0,none,none,,,false,true,true,character,
Library - Astartes Heresy Legends,Kharybdis Assault Claw [Legends],model,5bb7-ac8-4448-a4d8,Library - Astartes Heresy Legends.cat,attack_modifier,Damaged: 1-7 wounds remaining,Damaged: 1-7 wounds remaining: -1 to hit,-1,0,none,none,,,false,true,true,,
Library - Astartes Heresy Legends,Kytan Ravager [Legends],model,6c76-b4e-4437-27e2,Library - Astartes Heresy Legends.cat,attack_modifier,Damaged: 1-8 wounds remaining,"Damaged: 1-8 wounds remaining: -1 to hit, vs CHARACTER",-1,0,none,none,,,false,true,true,character,
Library - Astartes Heresy Legends,Leviathan Dreadnought [Legends],model,14d4-8062-f090-6719,Library - Astartes Heresy Legends.cat,damage_reduction,Duty Eternal,"Each time an attack is allocated to this model, subtract 1 from the Damage characteristic of that attack.",,,,,,,,,,,1.00
Library - Astartes Heresy Legends,Mastodon [Legends],model,e337-7f05-f1b3-d64e,Library - Astartes Heresy Legends.cat,attack_modifier,Damaged: 1-10 wounds remaining,"Damaged: 1-10 wounds remaining: -1 to hit, vs CHARACTER",-1,0,none,none,,,false,true,true,character,
Library - Astartes Heresy Legends,Sicaran Arcus [Legends],model,ca2a-69ca-dd3c-47,Library - Astartes Heresy Legends.cat,attack_modifier,Specialised Weapon System,Specialised Weapon System: Ignore Cover,0,0,none,none,,,true,true,true,,
Library - Astartes Heresy Legends,Sicaran Venator [Legends],model,e63e-2aa6-f840-b54e,Library - Astartes Heresy Legends.cat,attack_modifier,Ferocious Assault,"Ferocious Assault: +1 to hit, vs MONSTER/VEHICLE",1,0,none,none,,,false,true,true,monster; vehicle,
Library - Astartes Heresy Legends,Sokar-pattern Stormbird [Legends],model,a80f-8343-85f3-716a,Library - Astartes Heresy Legends.cat,attack_modifier,Damaged: 1-13 wounds remaining,Damaged: 1-13 wounds remaining: -1 to hit,-1,0,none,none,,,false,true,true,,
Library - Astartes Heresy Legends,Storm Eagle Gunship [Legends],model,3b7d-b14e-603-e1ad,Library - Astartes Heresy Legends.cat,damage_reduction,Armoured Resilience,"Each time an attack is allocated to this model, subtract 1 from the Damage characteristic of that attack.",,,,,,,,,,,1.00
Library - Astartes Heresy Legends,Xiphon Interceptor [Legends],model,1aa5-d081-2442-4c37,Library - Astartes Heresy Legends.cat,attack_modifier,Interceptor,"Interceptor: +1 to hit, vs FLY",1,0,none,none,,,false,true,true,fly,
Library - Titans,Reaver Titan,model,b7e8-f3ae-be53-9ba5,Library - Titans.cat,attack_modifier,Damaged: 1-20 wounds remaining,"Damaged: 1-20 wounds remaining: -1 to hit, vs CHARACTER",-1,0,none,none,,,false,true,true,character,
Library - Titans,Warbringer Nemesis Titan,model,8e6f-4e09-12d5-fafd,Library - Titans.cat,attack_modifier,Damaged: 1-26 wounds remaining,"Damaged: 1-26 wounds remaining: -1 to hit, vs CHARACTER",-1,0,none,none,,,false,true,true,character,
Library - Titans,Warhound Titan,model,8eb5-a990-6eb0-9b41,Library - Titans.cat,attack_modifier,Damaged: 1-13 wounds remaining,"Damaged: 1-13 wounds remaining: -1 to hit, vs CHARACTER",-1,0,none,none,,,false,true,true,character,
Library - Titans,Warlord Titan,model,eafa-cd47-1c2f-61ee,Library - Titans.cat,attack_modifier,Damaged: 1-33 wounds remaining,"Damaged: 1-33 wounds remaining: -1 to hit, vs CHARACTER",-1,0,none,none,,,false,true,true,character,
Library - Tyranids,Neurolictor,model,642f-9302-4fdc-ab68,Library - Tyranids.cat,attack_modifier,Psychological Saboteur (Aura),"Psychological Saboteur (Aura): -1 to hit, +1 to wound",-1,1,none,none,,,false,true,true,,
Unaligned Forces,Castellum Stronghold [Legends],model,20c8-d2-586d-623,Unaligned Forces.cat,attack_modifier,Damaged: 1-15 Wounds Remaining,Damaged: 1-15 Wounds Remaining: -1 to hit,-1,0,none,none,,,false,true,true,,
Unaligned Forces,Guardian Drone [Legends],model,e3ba-7f87-c32-229,Unaligned Forces.cat,attack_modifier,Drone Commander (Aura),Drone Commander (Aura): +1 to hit,1,0,none,none,,,false,true,true,,
Unaligned Forces,Imperial Fortress Walls [Legends],model,f6f8-8759-3282-2ab,Unaligned Forces.cat,attack_modifier,Damaged: 1-30 Wounds Remaining,Damaged: 1-30 Wounds Remaining: -1 to hit,-1,0,none,none,,,false,true,true,,
Unaligned Forces,Vengeance Weapon Battery [Legends],model,14fe-18ed-9c25-189c,Unaligned Forces.cat,attack_modifier,Automated Defences,"Automated Defences: +3 to hit, vs FLY/MONSTER/VEHICLE",3,0,none,none,,,false,true,true,fly; monster; vehicle,
Unaligned Forces,Wall of Martyrs Bunker [Legends],model,9698-2e0-15ac-1193,Unaligned Forces.cat,damage_reduction,Inviolable Bastion,"Each time an attack is allocated to this Fortification, subtract 1 from the Damage characteristic of that attack.",,,,,,,,,,,1.00
Xenos - Genestealer Cults,Aberrants,unit,f51d-bc51-f301-9dee,Genestealer Cults.cat,attack_modifier,Hulking Bodyguards,"Hulking Bodyguards: -1 to wound, vs CHARACTER",0,-1,none,none,,,false,true,true,character,
Xenos - Genestealer Cults,Magus,model,4f4-2157-2cb5-8bb,Genestealer Cults.cat,attack_modifier,Mind Control (Psychic),"Mind Control (Psychic): -2 to hit, -1 to wound, vs PSYKER",-2,-1,none,none,,,false,true,true,psyker,
Xenos - Genestealer Cults,Primus,model,30e9-42fa-3a6e-e8ef,Genestealer Cults.cat,attack_modifier,Cult Demagogue,Cult Demagogue: +1 to hit,1,0,none,none,,,false,true,true,,
Xenos - Genestealer Cults,Tectonic Fragdrill [Legends],model,4c63-309e-88e3-7d17,Genestealer Cults.cat,attack_modifier,Fortification,Fortification: -1 to hit,-1,0,none,none,,,false,true,false,,
Xenos - Leagues of Votann,Hekaton Land Fortress,model,a110-e538-4e85-159b,Leagues of Votann.cat,attack_modifier,Damaged: 1-5 wounds remaining,Damaged: 1-5 wounds remaining: -1 to hit,-1,0,none,none,,,false,true,true,,
Xenos - Leagues of Votann,Kapricus Carrier,model,cfbc-9eeb-badb-b28c,Leagues of Votann.cat,attack_modifier,Scanner Uplinks,"Scanner Uplinks: -1 to hit, vs MONSTER/VEHICLE",-1,0,none,none,,,false,true,true,monster; vehicle,
Xenos - Necrons,Anrakyr the Traveller [Legends],model,43b5-f4f9-f7c6-327a,Necrons.cat,attack_modifier,Lord of the Pyrrhian Eternals,Lord of the Pyrrhian Eternals: +1 to wound,0,1,none,none,,,false,true,true,,
Xenos - Necrons,Anrakyr the Traveller [Legends],model,43b5-f4f9-f7c6-327a,Necrons.cat,attack_modifier,Mind in the Machine,"Mind in the Machine: -1 to hit, vs VEHICLE",-1,0,none,none,,,false,true,true,vehicle,
Xenos - Necrons,Canoptek Doomstalker,model,ff8f-2e43-8af1-3470,Necrons.cat,attack_modifier,Damaged: 1-4 wounds remaining,Damaged: 1-4 wounds remaining: -1 to hit,-1,0,none,none,,,false,true,true,,
Xenos - Necrons,Canoptek Macrocytes,unit,97d7-4b22-46b7-dae0,Necrons.cat,attack_modifier,Harassment Swarm (Aura),"Harassment Swarm (Aura): -1 to hit, vs MONSTER/SWARM/VEHICLE",-1,0,none,none,,,false,true,true,monster; swarm; vehicle,
Xenos - Necrons,Catacomb Command Barge,model,e667-b37c-61c-4893,Necrons.cat,attack_modifier,Advanced Quantum Shielding,"Advanced Quantum Shielding: -1 to wound, vs CHARACTER",0,-1,none,none,,,false,true,true,character,
Xenos - Necrons,Chronomancer,model,5b7d-54ea-f7a8-9688,Necrons.cat,attack_modifier,Timesplinter Mantle,Timesplinter Mantle: -1 to hit,-1,0,none,none,,,false,true,true,,
Xenos - Necrons,Doom Scythe,model,52fb-edb1-c747-415a,Necrons.cat,attack_modifier,Atavistic Instigation,Atavistic Instigation: -1 to hit,-1,0,none,none,,,false,true,true,,
Xenos - Necrons,Doom Scythe,model,52fb-edb1-c747-415a,Necrons.cat,attack_modifier,Damaged: 1-4 wounds remaining,Damaged: 1-4 wounds remaining: -1 to hit,-1,0,none,none,,,false,true,true,,
Xenos - Necrons,Doomsday Ark,model,e046-8220-d8a2-1d19,Necrons.cat,attack_modifier,Damaged: 1-5 wounds remaining,Damaged: 1-5 wounds remaining: -1 to hit,-1,0,none,none,,,false,true,true,,
Xenos - Necrons,Dynastic Conqueror [Crucible],model,be60-a5ae-6c7c-df47,Necrons.cat,damage_reduction,Implacable Resistance,"Each time an attack is allocated to this model, subtract 1 from the Damage characteristic of that attack.",,,,,,,,,,,1.00
Xenos - Necrons,Gauss Pylon [Legends],model,b6b0-9a60-d2e4-7ef0,Necrons.cat,attack_modifier,Damaged: 1-7 wounds remaining,Damaged: 1-7 wounds remaining: -1 to hit,-1,0,none,none,,,false,true,true,,
Xenos - Necrons,Lychguard,unit,c4e3-f6b0-f3aa-9d90,Necrons.cat,attack_modifier,Guardian Protocols,"Guardian Protocols: -1 to wound, vs CHARACTER",0,-1,none,none,,,false,true,true,character,
Xenos - Necrons,Monolith,model,db10-2662-da6a-516e,Necrons.cat,attack_modifier,Damaged: 1-7 wounds remaining,"Damaged: 1-7 wounds remaining: -1 to hit, vs CHARACTER",-1,0,none,none,,,false,true,true,character,
Xenos - Necrons,Night Scythe,model,2a86-2d6-6446-7f1,Necrons.cat,attack_modifier,Damaged: 1-4 wounds remaining,Damaged: 1-4 wounds remaining: -1 to hit,-1,0,none,none,,,false,true,true,,
Xenos - Necrons,Night Shroud [Legends],model,e6d4-56e1-3bbd-475,Necrons.cat,attack_modifier,Damaged: 1-5 wounds remaining,Damaged: 1-5 wounds remaining: -1 to hit,-1,0,none,none,,,false,true,true,,
Xenos - Necrons,Obelisk,model,256d-92cd-5d14-bbab,Necrons.cat,attack_modifier,Damaged: 1-8 wounds remaining,"Damaged: 1-8 wounds remaining: -1 to hit, vs CHARACTER",-1,0,none,none,,,false,true,true,character,
Xenos - Necrons,Seraptek Heavy Construct,model,fa11-cd65-fcf6-427c,Necrons.cat,attack_modifier,Damaged: 1-9 wounds remaining,"Damaged: 1-9 wounds remaining: -1 to hit, vs CHARACTER",-1,0,none,none,,,false,true,true,character,
Xenos - Necrons,The Silent King,unit,7422-7fbf-8694-364c,Necrons.cat,attack_modifier,Damaged: 1-6 wounds remaining,"Damaged: 1-6 wounds remaining: -1 to hit, vs CHARACTER",-1,0,none,none,,,false,true,true,character,
Xenos - Orks,Attack Fighta [Legends],model,4229-83f0-b03b-bd44,Orks.cat,attack_modifier,Interceptor,"Interceptor: +1 to hit, vs FLY",1,0,none,none,,,false,true,true,fly,
Xenos - Orks,Beastboss,model,5a5d-c5a4-39b8-4a3f,Orks.cat,attack_modifier,Beastboss,"Beastboss: +1 to hit, vs BEAST",1,0,none,none,,,false,false,true,beast,
Xenos - Orks,Big Mek on Warbike [Legends],model,8b2-ca6b-b00c-d64c,Orks.cat,attack_modifier,Mekaniak,"Mekaniak: +1 to hit, vs VEHICLE",1,0,none,none,,,false,true,true,vehicle,
Xenos - Orks,Boomdakka Snazzwagon,model,c7c8-6b5b-6bfc-52d1,Orks.cat,attack_modifier,Billowing Fumes (Aura),"Billowing Fumes (Aura): -1 to hit, vs MONSTER/VEHICLE",-1,0,none,none,,,false,true,true,monster; vehicle,
Xenos - Orks,Boss Zagstruk [Legends],model,ec71-71e2-6601-31b8,Orks.cat,attack_modifier,Drill Boss,Drill Boss: +1 to hit,1,0,none,none,,,false,false,true,,
Xenos - Orks,Da Red Gobbo [Legends],model,a43d-27a9-7d83-42e4,Orks.cat,attack_modifier,Da Revolushun!,Da Revolushun!: +1 to hit,1,0,none,none,,,false,true,true,,
Xenos - Orks,Deffkilla Wartrike,model,ca85-1d18-dc30-d64e,Orks.cat,attack_modifier,Speedboss,Speedboss: +1 to hit,1,0,none,none,,,false,false,true,,
Xenos - Orks,Fighta-Bommer [Legends],model,dd02-c92c-fb0a-54ec,Orks.cat,attack_modifier,Strafing Run,"Strafing Run: +1 to hit, vs FLY",1,0,none,none,,,false,true,true,fly,
Xenos - Orks,Gargantuan Squiggoth,model,aeed-c6d9-4b90-376a,Orks.cat,attack_modifier,Damaged: 1-10 Wounds Remaining,"Damaged: 1-10 Wounds Remaining: -1 to hit, vs CHARACTER",-1,0,none,none,,,false,true,true,character,
Xenos - Orks,Ghazghkull Thraka,unit,4ea0-6b70-c17c-bc00,Orks.cat,attack_modifier,Prophet of Da Great Waaagh!,"Prophet of Da Great Waaagh!: +1 to hit, +1 to wound",1,1,none,none,,,false,false,true,,
Xenos - Orks,Gorkanaut,model,56d6-a7fc-fa08-4345,Orks.cat,attack_modifier,Big an’ Stompy,Big an’ Stompy: +1 to hit,1,0,none,none,,,false,false,true,,
Xenos - Orks,Kill Tank [Legends],model,b8fe-c7af-20fd-631d,Orks.cat,attack_modifier,Damaged: 1-8 Wounds Remaining,"Damaged: 1-8 Wounds Remaining: -1 to hit, vs CHARACTER",-1,0,none,none,,,false,true,true,character,
Xenos - Orks,Kill Tank [Legends],model,b8fe-c7af-20fd-631d,Orks.cat,attack_modifier,Wall of Dakka,Wall of Dakka: +1 to hit,1,0,none,none,,,false,true,true,,
Xenos - Orks,Kustom Boosta-blasta,model,b803-bafc-2b52-160d,Orks.cat,attack_modifier,Rivetin’ Dakka,Rivetin’ Dakka: -1 to hit,-1,0,none,none,,,false,true,true,,
Xenos - Orks,Mek,model,3b2-8c11-616a-1005,Orks.cat,attack_modifier,Mekaniak,"Mekaniak: +1 to hit, vs VEHICLE",1,0,none,none,,,false,true,true,vehicle,
Xenos - Orks,Meka-Dread [Legends],model,121b-9fda-2ccb-e38c,Orks.cat,attack_modifier,Mekaniak,"Mekaniak: +1 to hit, vs VEHICLE",1,0,none,none,,,false,true,true,vehicle,
Xenos - Orks,Morkanaut,model,9ee5-2b39-de06-dda6,Orks.cat,attack_modifier,Big an’ Shooty,Big an’ Shooty: +1 to hit,1,0,none,none,,,false,true,true,,
Xenos - Orks,Nobz,unit,b16a-7132-3f8a-abe5,Orks.cat,attack_modifier,Da Boss’ Ladz,"Da Boss’ Ladz: -1 to wound, vs CHARACTER",0,-1,none,none,,,false,true,true,character,
Xenos - Orks,Squiggoth [Legends],model,df63-56a0-92e1-6191,Orks.cat,attack_modifier,Damaged: 1-6 Wounds Remaining,Damaged: 1-6 Wounds Remaining: -1 to hit,-1,0,none,none,,,false,true,true,,
Xenos - Orks,Stompa,model,6c08-9131-14a3-a3b4,Orks.cat,attack_modifier,Damaged: 1-10 Wounds Remaining,"Damaged: 1-10 Wounds Remaining: -1 to hit, vs CHARACTER",-1,0,none,none,,,false,true,true,character,
Xenos - Orks,Tankbustas,unit,dadc-d370-ef10-853c,Orks.cat,attack_modifier,Tank Hunters,"Tank Hunters: +1 to hit, +1 to wound, vs MONSTER/VEHICLE",1,1,none,none,,,false,true,true,monster; vehicle,
Xenos - Orks,Warboss,model,2efc-c4b3-2ecc-5a37,Orks.cat,attack_modifier,Might is Right,Might is Right: +1 to hit,1,0,none,none,,,false,false,true,,
Xenos - Orks,Warboss in Mega Armour,model,494b-11ce-5af-5b50,Orks.cat,attack_modifier,Might is Right,Might is Right: +1 to hit,1,0,none,none,,,false,false,true,,
Xenos - Orks,Warboss on Warbike [Legends],model,6aed-92bb-49d6-12da,Orks.cat,attack_modifier,Speedboss,Speedboss: +1 to hit,1,0,none,none,,,false,false,true,,
Xenos - Orks,Zodgrod Wortsnagga,model,ce45-db08-3795-18a9,Orks.cat,attack_modifier,Super Runts,Super Runts: +1 to hit,1,0,none,none,,,false,true,true,,
Xenos - T'au Empire,Aun'va [Legends],unit,2582-676d-fc9f-c146,T'au Empire.cat,attack_modifier,Paradox of Duality,"Paradox of Duality: -1 to hit, -1 to wound",-1,-1,none,none,,,false,true,true,,
Xenos - T'au Empire,Barracuda [Legends],model,a422-6066-1c3a-f021,T'au Empire.cat,attack_modifier,Agile Dogfighter,Agile Dogfighter: -1 to hit,-1,0,none,none,,,false,true,true,,
Xenos - T'au Empire,Commander Farsight,model,a67c-e2aa-41d7-e91e,T'au Empire.cat,attack_modifier,Way of the Short Blade,Way of the Short Blade: +1 to wound,0,1,none,none,,,false,true,true,,
Xenos - T'au Empire,Commander in Coldstar Battlesuit,model,3a73-7255-c639-e89e,T'au Empire.cat,attack_modifier,Coldstar Commander,"Coldstar Commander: Assault, vs CHARACTER",0,0,none,none,Assault,,false,true,false,character,
Xenos - T'au Empire,Commander Shadowsun,model,4d0d-af9d-53c2-bc31,T'au Empire.cat,attack_modifier,Advanced Guardian Drone,Advanced Guardian Drone: -1 to wound,0,-1,none,none,,,false,true,true,,
Xenos - T'au Empire,Darkstrider,model,a0f5-5934-1570-5a21,T'au Empire.cat,attack_modifier,Structural Analyser,Structural Analyser: +1 to wound,0,1,none,none,,,false,true,true,,
Xenos - T'au Empire,Hammerhead Gunship,model,ca9-49ab-17c1-8556,T'au Empire.cat,attack_modifier,Armour Hunter,"Armour Hunter: +1 to hit, vs MONSTER/VEHICLE",1,0,none,none,,,false,true,true,monster; vehicle,
Xenos - T'au Empire,Longstrike [Legends],model,5bf-16e5-d77b-ea7d,T'au Empire.cat,attack_modifier,Armour Hunter,"Armour Hunter: +1 to hit, vs MONSTER/VEHICLE",1,0,none,none,,,false,true,true,monster; vehicle,
Xenos - T'au Empire,Manta,model,8e75-7545-e43b-7c67,T'au Empire.cat,attack_modifier,Damaged: 1-20 Wounds Remaining,Damaged: 1-20 Wounds Remaining: -1 to hit,-1,0,none,none,,,false,true,true,,
Xenos - T'au Empire,Orca Dropship [Legends],model,49c0-f84c-18c4-6377,T'au Empire.cat,attack_modifier,Damaged: 1-9 Wounds Remaining,Damaged: 1-9 Wounds Remaining: -1 to hit,-1,0,none,none,,,false,true,true,,
Xenos - T'au Empire,Pathfinder Team,unit,2598-d700-9952-e439,T'au Empire.cat,attack_modifier,Target Uploaded,"Target Uploaded: Ignore Cover, vs CHARACTER",0,0,none,none,,,true,true,true,character,
Xenos - T'au Empire,R'varna Battlesuit [Legends],model,b146-daf1-9b8b-6de9,T'au Empire.cat,attack_modifier,Nova Shielding,"Nova Shielding: -1 to wound, vs CHARACTER",0,-1,none,none,,,false,true,true,character,
Xenos - T'au Empire,Razorshark Strike Fighter,model,cac0-2569-67c8-f492,T'au Empire.cat,attack_modifier,Ground Strike Fighter,"Ground Strike Fighter: +1 to hit, vs FLY",1,0,none,none,,,false,true,true,fly,
Xenos - T'au Empire,Stormsurge,model,439b-e08-4466-e162,T'au Empire.cat,attack_modifier,Damaged: 1-5 Wounds Remaining,"Damaged: 1-5 Wounds Remaining: -1 to hit, vs CHARACTER",-1,0,none,none,,,false,true,true,character,
Xenos - T'au Empire,Strike Team,unit,acdd-2901-1a75-99f4,T'au Empire.cat,attack_modifier,Suppression Volley,"Suppression Volley: -1 to hit, vs INFANTRY",-1,0,none,none,,,false,true,true,infantry,
Xenos - T'au Empire,Ta'unar Supremacy Armour,model,16d6-79b5-817d-f084,T'au Empire.cat,attack_modifier,Damaged: 1-10 Wounds Remaining,"Damaged: 1-10 Wounds Remaining: -1 to hit, vs CHARACTER",-1,0,none,none,,,false,true,true,character,
Xenos - T'au Empire,The Twin Lance,unit,6623-c2cb-6705-580b,T'au Empire.cat,attack_modifier,Exemplars of Mont’ka,Exemplars of Mont’ka: Ignore Cover,0,0,none,none,,,true,true,true,,
Xenos - Tyranids,Barbed Hierodule [Legends],model,afd0-a0ca-68c3-d912,Tyranids.cat,attack_modifier,Overgrown Barbs,"Overgrown Barbs: -1 to hit, vs TITANIC",-1,0,none,none,,,false,true,true,titanic,
Xenos - Tyranids,Broodlord,model,b86a-b38a-380c-483d,Tyranids.cat,attack_modifier,Hypnotic Gaze (Psychic),Hypnotic Gaze (Psychic): -1 to hit,-1,0,none,none,,,false,true,true,,
Xenos - Tyranids,Harridan,model,9b5c-3b5a-1f80-9a74,Tyranids.cat,attack_modifier,Damaged: 1-10 wounds remaining,Damaged: 1-10 wounds remaining: -1 to hit,-1,0,none,none,,,false,true,true,,
Xenos - Tyranids,Harridan,model,9b5c-3b5a-1f80-9a74,Tyranids.cat,attack_modifier,Frenzied Metabolism,Frenzied Metabolism: +1 to wound,0,1,none,none,,,false,true,true,,
Xenos - Tyranids,Hierophant,model,fbc0-3a2b-1d7d-23d9,Tyranids.cat,attack_modifier,Apex-beast,"Apex-beast: +1 to hit, vs BEAST",1,0,none,none,,,false,true,true,beast,
Xenos - Tyranids,Hierophant,model,fbc0-3a2b-1d7d-23d9,Tyranids.cat,attack_modifier,Damaged: 1-10 wounds remaining,"Damaged: 1-10 wounds remaining: -1 to hit, vs CHARACTER",-1,0,none,none,,,false,true,true,character,
Xenos - Tyranids,Hive Crone,model,93aa-dd13-de9d-402b,Tyranids.cat,attack_modifier,Airborne Predator,"Airborne Predator: +1 to hit, vs FLY",1,0,none,none,,,false,true,true,fly,
Xenos - Tyranids,Hive Tyrant,model,3e96-8098-3401-77af,Tyranids.cat,attack_modifier,"Onslaught (Aura, Psychic)","Onslaught (Aura, Psychic): Assault",0,0,none,none,Assault,,false,true,false,,
Xenos - Tyranids,Maleceptor,model,2c2d-a2f9-61a8-a6c6,Tyranids.cat,attack_modifier,"Encephalic Diffusion (Aura, Psychic)","Encephalic Diffusion (Aura, Psychic): -1 to hit, -1 to wound",-1,-1,none,none,,,false,true,true,,
Xenos - Tyranids,Neurotyrant,model,1ae1-ed96-5100-eda5,Tyranids.cat,attack_modifier,Node Lash (Psychic),"Node Lash (Psychic): +1 to hit, +1 to wound",1,1,none,none,,,false,true,true,,
Xenos - Tyranids,Psychophage,model,b6ac-f091-a018-dab2,Tyranids.cat,attack_modifier,Feeding Frenzy,"Feeding Frenzy: +1 to hit, +1 to wound",1,1,none,none,,,false,false,true,,
