unit_id,unit_name,faction_contains,selection_type,models_min,models_max,review_category,suggestion_score,suggestion_reason,suggested_guide_faction,suggested_guide_unit_name,suggested_guide_model_name,suggested_base_size_text,override_base_size_text,override_base_type,override_base_shape,override_base_width_mm,override_base_depth_mm,override_guide_faction,override_guide_unit_name,override_guide_model_name,review_decision,review_notes
69f4-c990-93b4-20fc,Autarch Skyrunner [Legends],Aeldari - Aeldari Library,model,1,1,unmatched_unit,0.69,name similarity 0.71; token overlap 0.33; faction compatible,AELDARI,Farseer Skyrunner,,Small Flying Base,,,,,,,,,,
2713-f82d-5189-d5de,Illic Nightspear [Legends],Aeldari - Aeldari Library,model,1,1,unmatched_unit,,,,,,,,,,,,,,,,
c9ed-d190-419c-78d3,Karandras [Legends],Aeldari - Aeldari Library,model,1,1,unmatched_unit,0.58,name similarity 0.67; token overlap 0.00; faction compatible,DRUKHARI,Mandrakes,,28.5mm,,,,,,,,,,
1fbf-55d9-5ca8-4e9e,Prince Yriel [Legends],Aeldari - Aeldari Library,model,1,1,unmatched_unit,,,,,,,,,,,,,,,,
2f21-23a3-48e0-5788,Webway Gate [Legends],Aeldari - Aeldari Library,model,1,1,unmatched_unit,,,,,,,,,,,,,,,,
f99a-af49-64c0-9bed,Beastmaster [Legends],Aeldari - Aeldari Library,unit,7,7,unmatched_unit,,,,,,,,,,,,,,,,
b221-43a3-8bee-117c,Court of the Archon [Legends],Aeldari - Aeldari Library,unit,4,4,unmatched_unit,0.72,name similarity 0.69; token overlap 0.50; faction compatible,DRUKHARI,Hand of the Archon,,25mm,,,,,,,,,,
d729-7e1f-93a9-b1c5,Grotesques [Legends],Aeldari - Aeldari Library,unit,3,6,unmatched_unit,,,,,,,,,,,,,,,,
e2ad-60b4-9678-88aa,Cobra [Legends],Aeldari - Aeldari Library,model,1,1,unmatched_unit,,,,,,,,,,,,,,,,
1420-c80d-66fc-6a,Scorpion [Legends],Aeldari - Aeldari Library,model,1,1,unmatched_unit,,,,,,,,,,,,,,,,
1224-8735-46d-1919,Hornet [Legends],Aeldari - Aeldari Library,model,1,1,unmatched_unit,,,,,,,,,,,,,,,,
3e8d-c6f3-493c-4a35,Irillyth [Legends],Aeldari - Aeldari Library,model,1,1,unmatched_unit,,,,,,,,,,,,,,,,
e3c5-54ef-44a5-9366,Lynx [Legends],Aeldari - Aeldari Library,model,1,1,unmatched_unit,,,,,,,,,,,,,,,,
af2e-2bff-9813-a5a3,Nightwing [Legends],Aeldari - Aeldari Library,model,1,1,unmatched_unit,,,,,,,,,,,,,,,,
5f15-8ad-1f3b-d6d1,Skathach Wraithknight [Legends],Aeldari - Aeldari Library,model,1,1,unmatched_unit,0.75,name similarity 0.73; token overlap 0.50; faction compatible,AELDARI,Wraithknight,,120x92mm Oval Base,,,,,,,,,,
9c94-b663-fd31-6001,Shadow Spectres [Legends],Aeldari - Aeldari Library,unit,5,11,unmatched_unit,0.62,name similarity 0.72; token overlap 0.00; faction compatible,AELDARI,Shadowseer,,25mm,,,,,,,,,,
b7d6-2303-bd6a-5291,Shadow Spectre Exarch,Aeldari - Aeldari Library,model,1,1,unmatched_unit,,,,,,,,,,,,,,,,
ef18-ff32-2be6-7372,Warp Hunter [Legends],Aeldari - Aeldari Library,model,1,1,unmatched_unit,0.64,name similarity 0.64; token overlap 0.33; faction compatible,AELDARI,Crimson Hunter,,120x92mm Oval Base,,,,,,,,,,
b369-a813-75ac-2dc6,Wraithseer [Legends],Aeldari - Aeldari Library,model,1,1,unmatched_unit,0.60,name similarity 0.70; token overlap 0.00; faction compatible,AELDARI,Spiritseer,,25mm,,,,,,,,,,
dfe4-d4db-9d04-9e7a,Tantalus [Legends],Aeldari - Aeldari Library,model,1,1,unmatched_unit,,,,,,,,,,,,,,,,
965e-3df7-287a-6ac0,Amallyn Shadowguide [Legends],Aeldari - Aeldari Library,model,1,1,unmatched_unit,,,,,,,,,,,,,,,,
2384-4154-b67a-3827,Bonesinger [Legends],Aeldari - Aeldari Library,model,1,1,unmatched_unit,,,,,,,,,,,,,,,,
790d-9fdf-b359-62ba,Corsair Cloud Dancer Band [Legends],Aeldari - Aeldari Library,unit,3,7,unmatched_unit,0.57,name similarity 0.59; token overlap 0.20; faction compatible,AELDARI,Corsair Voidreavers,,28.5mm,,,,,,,,,,
d11f-239d-94b4-c194,Firestorm [Legends],Aeldari - Aeldari Library,model,1,1,unmatched_unit,,,,,,,,,,,,,,,,
6083-affa-5163-a94c,Phoenix [Legends],Aeldari - Aeldari Library,model,1,1,unmatched_unit,,,,,,,,,,,,,,,,
22ea-9a4-cda3-a24,Vampire Hunter [Legends],Aeldari - Aeldari Library,model,1,1,unmatched_unit,0.59,name similarity 0.57; token overlap 0.33; faction compatible,AELDARI,Crimson Hunter,,120x92mm Oval Base,,,,,,,,,,
4016-44d3-c64b-cc1a,Vampire Raider [Legends],Aeldari - Aeldari Library,model,1,1,unmatched_unit,0.66,name similarity 0.67; token overlap 0.33; faction compatible,AELDARI,Ynnari Raider,,Large Flying Base,,,,,,,,,,
6c50-7486-7c0d-52d0,Wasp Assault Walker [Legends],Aeldari - Aeldari Library,model,1,1,unmatched_unit,0.61,name similarity 0.62; token overlap 0.25; faction compatible,AELDARI,War Walker,,60mm,,,,,,,,,,
28c1-2c51-ab58-2d91,Raven Strike Fighter [Legends],Aeldari - Aeldari Library,model,1,1,unmatched_unit,,,,,,,,,,,,,,,,
a228-7269-9961-daf4,Reaper [Legends],Aeldari - Aeldari Library,model,1,1,unmatched_unit,0.66,name similarity 0.77; token overlap 0.00; faction compatible,DRUKHARI,Reavers,,Small Flying Base,,,,,,,,,,
54dc-aa1f-817a-a5c5,Prince Yriel,Aeldari - Aeldari Library,model,1,1,unmatched_unit,,,,,,,,,,,,,,,,
4273-173c-e850-4071,Kharseth,Aeldari - Aeldari Library,model,1,1,unmatched_unit,,,,,,,,,,,,,,,,
a074-87f8-810d-492a,Starfangs,Aeldari - Aeldari Library,unit,1,2,unmatched_unit,,,,,,,,,,,,,,,,
f972-78f9-204e-d55c,Starfang,Aeldari - Aeldari Library,model,1,1,unmatched_unit,,,,,,,,,,,,,,,,
62f8-6a75-5ffb-e83b,Archtormentor [Crucible],Aeldari - Aeldari Library,model,1,1,unmatched_unit,,,,,,,,,,,,,,,,
b5a1-7e2b-7a1d-bbda,Flesh Crafter [Crucible],Aeldari - Aeldari Library,model,1,1,unmatched_unit,,,,,,,,,,,,,,,,
8e2c-2234-8595-f191,Craftworld Warleader [Crucible],Aeldari - Aeldari Library,model,1,1,unmatched_unit,,,,,,,,,,,,,,,,
915f-4ee6-3358-31ca,Skyrunner [Crucible],Aeldari - Aeldari Library,model,1,1,unmatched_unit,0.72,name similarity 0.69; token overlap 0.50; faction compatible,AELDARI,Farseer Skyrunner,,Small Flying Base,,,,,,,,,,
5578-f918-6e88-3d0e,Ghost Warrior [Crucible],Aeldari - Aeldari Library,model,1,1,unmatched_unit,,,,,,,,,,,,,,,,
5fe1-5a7a-9f8e-21e0,Seeker Chariot [Legends],Chaos - Daemons Library,unit,1,2,unmatched_unit,0.63,name similarity 0.62; token overlap 0.33; faction compatible,CHAOS DAEMONS,Burning Chariot,,120x92mm Oval Base,,,,,,,,,,
9843-75d5-f031-6ff7,Seeker Chariot,Chaos - Daemons Library,model,1,1,unmatched_unit,0.63,name similarity 0.62; token overlap 0.33; faction compatible,CHAOS DAEMONS,Burning Chariot,,120x92mm Oval Base,,,,,,,,,,
7f62-6b3f-c4fe-b971,Exalted Seeker Chariot [Legends],Chaos - Daemons Library,model,1,1,unmatched_unit,,,,,,,,,,,,,,,,
2901-92bd-2f4-736d,Giant Chaos Spawn [Legends],Chaos - Daemons Library,model,1,1,unmatched_unit,,,,,,,,,,,,,,,,
da05-80d-6229-6e44,Spined Chaos Beast [Legends],Chaos - Daemons Library,model,1,1,unmatched_unit,,,,,,,,,,,,,,,,
fd5b-9e27-797d-6a3a,Pox Riders [Legends],Chaos - Daemons Library,unit,3,3,unmatched_unit,0.60,name similarity 0.70; token overlap 0.00; faction compatible,CHAOS DAEMONS,Poxbringer,,32mm,,,,,,,,,,
a5c9-6285-af1e-3cc3,Plague Toads [Legends],Chaos - Daemons Library,unit,3,3,unmatched_unit,0.70,name similarity 0.72; token overlap 0.33; faction compatible,CHAOS DAEMONS,Plague Drones,,Large Flying Base,,,,,,,,,,
5714-846a-d343-d1b4,An'ggrath the Unbound [Legends],Chaos - Daemons Library,model,1,1,unmatched_unit,,,,,,,,,,,,,,,,
a44f-b07c-5a50-ff95,Aetaos'rau'keres [Legends],Chaos - Daemons Library,model,1,1,unmatched_unit,,,,,,,,,,,,,,,,
e57d-435b-99da-d559,Scabeiathrax the Bloated [Legends],Chaos - Daemons Library,model,1,1,unmatched_unit,,,,,,,,,,,,,,,,
268e-459c-c6e8-7754,Zarakynel [Legends],Chaos - Daemons Library,model,1,1,unmatched_unit,,,,,,,,,,,,,,,,
b48f-f9b4-b47d-d181,Herald of Slaanesh on Steed of Slaanesh [Legends],Chaos - Daemons Library,model,1,1,unmatched_unit,,,,,,,,,,,,,,,,
1b9e-e164-7a5a-c8b7,Furies [Legends],Chaos - Daemons Library,unit,5,10,unmatched_unit,0.58,name similarity 0.67; token overlap 0.00; faction compatible,CHAOS DAEMONS,Fiends,,75x42mm Oval Base,,,,,,,,,,
3a39-0b56-25e0-eff8,Daemonic Herald [Crucible],Chaos - Daemons Library,model,1,1,unmatched_unit,,,,,,,,,,,,,,,,
8597-d6dd-511e-80ae,Daemonic Charioteer [Crucible],Chaos - Daemons Library,model,1,1,unmatched_unit,,,,,,,,,,,,,,,,
3594-bf68-4a46-fbf8,Immortal Champion [Crucible],Chaos - Daemons Library,model,1,1,unmatched_unit,,,,,,,,,,,,,,,,
c0a2-eb65-6d34-5bc6,Knight Ruinator,Chaos - Chaos Knights Library,model,1,1,unmatched_unit,0.73,name similarity 0.75; token overlap 0.33; faction compatible,CHAOS KNIGHTS,Knight Desecrator,,170x109mm Oval Base,,,,,,,,,,
f3d9-883e-6ca2-e3b,Exalted Champion [Legends],Chaos - Chaos Space Marines,model,1,1,unmatched_unit,0.65,name similarity 0.65; token overlap 0.33; faction compatible,WORLD EATERS,Exalted Eightbound,,40mm,,,,,,,,,,
4893-c42f-4ca8-2b3d,Hell Talon [Legends],Chaos - Chaos Space Marines,model,1,1,unmatched_unit,,,,,,,,,,,,,,,,
8373-f06d-7680-9de,Hellblade [Legends],Chaos - Chaos Space Marines,model,1,1,unmatched_unit,,,,,,,,,,,,,,,,
c8b4-e13c-1a3a-7b55,Sorcerer on Palanquin of Nurgle [Legends],Chaos - Chaos Space Marines,model,1,1,unmatched_unit,0.62,name similarity 0.63; token overlap 0.29; faction compatible,DEATH GUARD,Daemon Prince of Nurgle,,60mm,,,,,,,,,,
2af2-8812-7aa9-3db7,Chaos Lord on Palanquin of Nurgle [Legends],Chaos - Chaos Space Marines,model,1,1,unmatched_unit,0.60,name similarity 0.61; token overlap 0.25; faction compatible,DEATH GUARD,Daemon Prince of Nurgle,,60mm,,,,,,,,,,
7456-b122-14c3-eca9,Chaos Lord on Disc of Tzeentch [Legends],Chaos - Chaos Space Marines,model,1,1,unmatched_unit,0.75,name similarity 0.73; token overlap 0.50; faction compatible,THOUSAND SONS,Exalted Sorcerer on Disc of Tzeentch,,40mm,,,,,,,,,,
349b-6e2d-e554-f2c6,Chaos Lord on Steed of Slaanesh [Legends],Chaos - Chaos Space Marines,model,1,1,unmatched_unit,0.60,name similarity 0.61; token overlap 0.25; faction compatible,EMPEROR’S CHILDREN,Daemon Prince of Slaanesh,,60mm,,,,,,,,,,
13b0-de3a-650c-d352,Sorcerer on Steed of Slaanesh [Legends],Chaos - Chaos Space Marines,model,1,1,unmatched_unit,0.62,name similarity 0.63; token overlap 0.29; faction compatible,EMPEROR’S CHILDREN,Daemon Prince of Slaanesh,,60mm,,,,,,,,,,
e1c2-8417-403a-68,Gellerpox Infected [Legends],Chaos - Chaos Space Marines,unit,7,7,unmatched_unit,,,,,,,,,,,,,,,,
afed-8173-a1e0-cbae,Mutoid Vermin [Legends],Chaos - Chaos Space Marines,unit,16,16,unmatched_unit,,,,,,,,,,,,,,,,
5b66-39e6-aeb5-8011,Renegade Enforcer [Legends],Chaos - Chaos Space Marines,model,1,1,unmatched_unit,0.66,name similarity 0.67; token overlap 0.33; faction compatible,CHAOS SPACE MARINES,Traitor Enforcer,,32mm,,,,,,,,,,
9df-7c70-84d2-e095,Renegade Heavy Weapons Squad [Legends],Chaos - Chaos Space Marines,unit,3,3,unmatched_unit,,,,,,,,,,,,,,,,
a7bb-ec24-40e6-5b8c,Renegade Plague Ogryns [Legends],Chaos - Chaos Space Marines,unit,3,3,unmatched_unit,,,,,,,,,,,,,,,,
7299-5b5-2b56-ef50,Mutilators,Chaos - Chaos Space Marines,unit,3,3,unmatched_unit,,,,,,,,,,,,,,,,
24c4-fa24-67ff-eef,Renegade Ogryn Brutes [Legends],Chaos - Chaos Space Marines,unit,3,3,unmatched_unit,,,,,,,,,,,,,,,,
c0f9-d16c-6caf-5b95,Rogue Psyker [Legends],Chaos - Chaos Space Marines,model,1,1,unmatched_unit,,,,,,,,,,,,,,,,
9238-473a-54ee-6b0e,Negavolt Cultists [Legends],Chaos - Chaos Space Marines,unit,4,4,unmatched_unit,0.60,name similarity 0.59; token overlap 0.33; faction compatible,CHAOS SPACE MARINES,Accursed Cultists,Mutant,25mm,,,,,,,,,,
af6f-7c4e-ec78-858e,Sorcerer on Bike [Legends],Chaos - Chaos Space Marines,model,1,1,unmatched_unit,0.66,name similarity 0.67; token overlap 0.33; faction compatible,CHAOS SPACE MARINES,Sorcerer,,40mm,,,,,,,,,,
658e-a63f-bac7-6201,Renegade Ogryn Beast Handler [Legends],Chaos - Chaos Space Marines,unit,4,7,unmatched_unit,,,,,,,,,,,,,,,,
2dfd-2e5f-53f2-b695,Chaos Lord on Bike [Legends],Chaos - Chaos Space Marines,model,1,1,unmatched_unit,0.74,name similarity 0.71; token overlap 0.50; faction compatible,CHAOS SPACE MARINES,Chaos Lord,,40mm,,,,,,,,,,
6add-621e-381e-4acf,Chaos Deimos Predator [Legends],Chaos - Chaos Space Marines,model,1,1,unmatched_unit,0.66,name similarity 0.61; token overlap 0.50; faction compatible,CHAOS SPACE MARINES,Chaos Predator Destructor,,Hull,,,,,,,,,,
478-9d24-e5c8-c6f7,Cultist Mob with Firearms [Legends],Chaos - Chaos Space Marines,unit,10,20,unmatched_unit,0.78,name similarity 0.71; token overlap 0.67; faction compatible,CHAOS SPACE MARINES,Cultist Mob,,25mm,,,,,,,,,,
a998-9dce-fbab-8d32,Masters of the Maelstrom,Chaos - Chaos Space Marines,unit,5,5,unmatched_unit,0.62,name similarity 0.65; token overlap 0.20; faction compatible,CHAOS SPACE MARINES,Master of Possession,,40mm,,,,,,,,,,
2078-97ce-8793-3382,Red Corsairs Raiders,Chaos - Chaos Space Marines,unit,5,10,unmatched_unit,,,,,,,,,,,,,,,,
beed-356b-2fec-2c2a,Red Corsairs Reave-captain,Chaos - Chaos Space Marines,model,1,1,unmatched_unit,,,,,,,,,,,,,,,,
b9a4-a9c4-5f8d-ed3a,Exalted Champion [Crucible],Chaos - Chaos Space Marines,model,1,1,unmatched_unit,0.65,name similarity 0.65; token overlap 0.33; faction compatible,WORLD EATERS,Exalted Eightbound,,40mm,,,,,,,,,,
b6c0-4be6-7487-73dc,Sorcerous Champion [Crucible],Chaos - Chaos Space Marines,model,1,1,unmatched_unit,,,,,,,,,,,,,,,,
9573-8b24-3796-d9d9,Soul Forge Tyrant [Crucible],Chaos - Chaos Space Marines,model,1,1,unmatched_unit,,,,,,,,,,,,,,,,
eec8-c21f-c284-a682,Kravek Morne,Chaos - Chaos Space Marines,model,1,1,unmatched_unit,,,,,,,,,,,,,,,,
cfc1-1741-530c-3335,Death Guard Chaos Lord [Legends],Chaos - Death Guard,model,1,1,unmatched_unit,,,,,,,,,,,,,,,,
bacc-4f1-649-a051,Death Guard Chaos Lord in Terminator Armour [Legends],Chaos - Death Guard,model,1,1,unmatched_unit,,,,,,,,,,,,,,,,
93ac-1b31-4238-d60e,Death Guard Sorcerer in Terminator Armour [Legends],Chaos - Death Guard,model,1,1,unmatched_unit,,,,,,,,,,,,,,,,
d579-88cd-c634-f800,Death Guard Cultists [Legends],Chaos - Death Guard,unit,10,20,unmatched_unit,,,,,,,,,,,,,,,,
1d25-87a1-2d17-5d02,Chaos Lord on Palanquin of Nurgle [Legends],Chaos - Death Guard,model,1,1,unmatched_unit,0.60,name similarity 0.61; token overlap 0.25; faction compatible,DEATH GUARD,Daemon Prince of Nurgle,,60mm,,,,,,,,,,
6d29-1c06-c787-64e0,Gellerpox Infected [Legends],Chaos - Death Guard,unit,7,7,unmatched_unit,,,,,,,,,,,,,,,,
3e86-ef61-9b87-3658,Hellblade [Legends],Chaos - Death Guard,model,1,1,unmatched_unit,,,,,,,,,,,,,,,,
8cba-21cc-a3b3-91ed,Hell Talon [Legends],Chaos - Death Guard,model,1,1,unmatched_unit,,,,,,,,,,,,,,,,
2dfd-cddb-9fef-494b,Mutoid Vermin [Legends],Chaos - Death Guard,unit,16,16,unmatched_unit,,,,,,,,,,,,,,,,
474-6b31-df19-2b49,Sorcerer on Palanquin of Nurgle [Legends],Chaos - Death Guard,model,1,1,unmatched_unit,0.62,name similarity 0.63; token overlap 0.29; faction compatible,DEATH GUARD,Daemon Prince of Nurgle,,60mm,,,,,,,,,,
efa6-3620-2b6c-ce70,Death Guard Possessed [Legends],Chaos - Death Guard,unit,5,10,unmatched_unit,,,,,,,,,,,,,,,,
d037-162a-ac85-9c88,Plague Sorcerer [Crucible],Chaos - Death Guard,model,1,1,unmatched_unit,0.63,name similarity 0.62; token overlap 0.33; faction compatible,DEATH GUARD,Plague Surgeon,,40mm,,,,,,,,,,
89d8-7e90-be47-59b6,Plague Lord [Crucible],Chaos - Death Guard,model,1,1,unmatched_unit,0.64,name similarity 0.64; token overlap 0.33; faction compatible,DEATH GUARD,Plague Marines,,32mm,,,,,,,,,,
fa2a-1b44-a513-318d,Tri-lobe Vectors [Crucible],Chaos - Death Guard,unit,3,3,unmatched_unit,,,,,,,,,,,,,,,,
eeac-c9b8-3904-11a5,Excruciator [Crucible],Chaos - Emperor's Children,model,1,1,unmatched_unit,,,,,,,,,,,,,,,,
cc4d-41d6-dfea-414f,Champion of Excess [Crucible],Chaos - Emperor's Children,model,1,1,unmatched_unit,,,,,,,,,,,,,,,,
2334-eccf-6ea5-562e,Flawless Champion [Crucible],Chaos - Emperor's Children,model,1,1,unmatched_unit,0.63,name similarity 0.62; token overlap 0.33; faction compatible,EMPEROR’S CHILDREN,Flawless Blades,,40mm,,,,,,,,,,
c4ab-b52d-3ac0-5d56,Hellblade [Legends],Chaos - Thousand Sons,model,1,1,unmatched_unit,,,,,,,,,,,,,,,,
3a8-a34f-76aa-b56a,Hell Talon [Legends],Chaos - Thousand Sons,model,1,1,unmatched_unit,,,,,,,,,,,,,,,,
dc89-ef5-e91d-b155,Chaos Lord on Disc of Tzeentch [Legends],Chaos - Thousand Sons,model,1,1,unmatched_unit,0.75,name similarity 0.73; token overlap 0.50; faction compatible,THOUSAND SONS,Exalted Sorcerer on Disc of Tzeentch,,40mm,,,,,,,,,,
dd17-8cb8-ed8c-f6c8,Chaos Spawn (Flesh Change),Chaos - Thousand Sons,unit,1,1,unmatched_unit,0.68,name similarity 0.63; token overlap 0.50; faction compatible,THOUSAND SONS,Chaos Spawn,,50mm,,,,,,,,,,
8e43-1b14-4d87-7d17,Magister [Crucible],Chaos - Thousand Sons,model,1,1,unmatched_unit,,,,,,,,,,,,,,,,
d288-821d-7fef-f3ae,Brayherd Chieftain [Crucible],Chaos - Thousand Sons,model,1,1,unmatched_unit,,,,,,,,,,,,,,,,
f75a-a5e6-f478-6f55,Brayherd Shaman [Crucible],Chaos - Thousand Sons,model,1,1,unmatched_unit,0.56,name similarity 0.53; token overlap 0.33; faction compatible,THOUSAND SONS,Tzaangor Shaman,,40mm,,,,,,,,,,
4e04-74aa-2c2f-66d0,Hell Talon [Legends],Chaos - World Eaters,model,1,1,unmatched_unit,,,,,,,,,,,,,,,,
7320-3dba-703c-b3f0,Hellblade [Legends],Chaos - World Eaters,model,1,1,unmatched_unit,,,,,,,,,,,,,,,,
85e5-721a-d505-3881,Butcherlord [Crucible],Chaos - World Eaters,model,1,1,unmatched_unit,,,,,,,,,,,,,,,,
71ad-8562-f833-5872,Eight-blessed Lord [Crucible],Chaos - World Eaters,model,1,1,unmatched_unit,,,,,,,,,,,,,,,,
544e-3db3-4878-3db3,Bloodcult Champion [Crucible],Chaos - World Eaters,model,1,1,unmatched_unit,,,,,,,,,,,,,,,,
4c63-309e-88e3-7d17,Tectonic Fragdrill [Legends],Xenos - Genestealer Cults,model,1,1,unmatched_unit,,,,,,,,,,,,,,,,
0f8d-ba1b-c2cf-c8e7,Cult Insurrectionist [Crucible],Xenos - Genestealer Cults,model,1,1,unmatched_unit,,,,,,,,,,,,,,,,
5138-978e-c8e6-b90c,Cult Guerrilla [Crucible],Xenos - Genestealer Cults,model,1,1,unmatched_unit,,,,,,,,,,,,,,,,
678c-b59c-f85d-0a43,Voice of the Patriarch [Crucible],Xenos - Genestealer Cults,model,1,1,unmatched_unit,0.66,name similarity 0.67; token overlap 0.33; faction compatible,GENESTEALER CULTS,Patriarch,,50mm,,,,,,,,,,
d324-8119-7bf-d5e1,Repressor [Legends],Imperium - Adepta Sororitas,model,1,1,unmatched_unit,,,,,,,,,,,,,,,,
e15e-17fa-23ca-693e,Battle Sanctum [Legends],Imperium - Adepta Sororitas,model,1,1,unmatched_unit,0.65,name similarity 0.64; token overlap 0.33; faction compatible,ADEPTA SORORITAS,Battle Sisters Squad,,32mm,,,,,,,,,,
6227-8c95-0e8a-81de,Celestian Sacresant Aveline [Legends],Imperium - Adepta Sororitas,model,1,1,unmatched_unit,0.75,name similarity 0.81; token overlap 0.25; faction compatible,ADEPTA SORORITAS,Celestian Sacresants,,32mm,,,,,,,,,,
8f3c-d887-6e18-02e8,Militant Commander [Crucible],Imperium - Adepta Sororitas,model,1,1,unmatched_unit,,,,,,,,,,,,,,,,
622e-1e15-13f1-601a,Inspiring Devotee [Crucible],Imperium - Adepta Sororitas,model,1,1,unmatched_unit,,,,,,,,,,,,,,,,
1b8d-2b8b-084a-feba,Reliquant Knight [Crucible],Imperium - Adepta Sororitas,model,1,1,unmatched_unit,,,,,,,,,,,,,,,,
e59a-2a90-e102-940f,Intranzia Fraye,Imperium - Adepta Sororitas,model,1,1,unmatched_unit,,,,,,,,,,,,,,,,
de0b-37e9-b9f5-d3a6,Guardian of the Throne [Crucible],Imperium - Adeptus Custodes,model,1,1,unmatched_unit,,,,,,,,,,,,,,,,
e58d-17d4-71f8-4137,Null Maiden [Crucible],Imperium - Adeptus Custodes,model,1,1,unmatched_unit,,,,,,,,,,,,,,,,
c11a-f70a-2877-ed27,Kataphraktoi Exemplar [Crucible],Imperium - Adeptus Custodes,model,1,1,unmatched_unit,,,,,,,,,,,,,,,,
2d5d-40b5-4ac8-cedc,Ironstrider Ballistarius (Twin cognis autocannon),Imperium - Adeptus Mechanicus,model,1,1,unmatched_unit,0.61,name similarity 0.66; token overlap 0.17; faction compatible,ADEPTUS MECHANICUS,Ironstrider Ballistarii,,105x70mm Oval Base,,,,,,,,,,
8fc1-9168-5137-2b5d,Ironstrider Ballistarius (Twin cognis lascannon),Imperium - Adeptus Mechanicus,model,1,1,unmatched_unit,0.62,name similarity 0.67; token overlap 0.17; faction compatible,ADEPTUS MECHANICUS,Ironstrider Ballistarii,,105x70mm Oval Base,,,,,,,,,,
705b-2635-fcab-48f9,Secutarii Hoplites [Legends],Imperium - Adeptus Mechanicus,unit,5,11,unmatched_unit,,,,,,,,,,,,,,,,
7774-a50b-cb1e-8372,Secutarii Peltasts [Legends],Imperium - Adeptus Mechanicus,unit,5,11,unmatched_unit,,,,,,,,,,,,,,,,
3639-75ba-cab2-c159,Terrax-Pattern Termite [Legends],Imperium - Adeptus Mechanicus,model,1,1,unmatched_unit,,,,,,,,,,,,,,,,
2183-5b38-1726-2a11,Servitors [Legends],Imperium - Adeptus Mechanicus,unit,4,4,unmatched_unit,,,,,,,,,,,,,,,,
a523-606f-b05c-851e,Servitor Battleclade,Imperium - Adeptus Mechanicus,unit,9,9,unmatched_unit,,,,,,,,,,,,,,,,
18e0-96d4-7d85-2b3b,Magos [Crucible],Imperium - Adeptus Mechanicus,model,1,1,unmatched_unit,,,,,,,,,,,,,,,,
7d17-4620-8dbf-4ef6,Cohort Commander [Crucible],Imperium - Adeptus Mechanicus,model,1,1,unmatched_unit,,,,,,,,,,,,,,,,
6b3e-11ad-7a9d-ca5d,Ironstrider Alpha [Crucible],Imperium - Adeptus Mechanicus,model,1,1,unmatched_unit,0.73,name similarity 0.75; token overlap 0.33; faction compatible,ADEPTUS MECHANICUS,Ironstrider Ballistarii,,105x70mm Oval Base,,,,,,,,,,
7135-8430-eb02-ded4,Thulia Ghuld,Imperium - Adeptus Mechanicus,model,1,1,unmatched_unit,,,,,,,,,,,,,,,,
52d3-71a9-f755-d6aa,Hastarii Exterminators,Imperium - Adeptus Mechanicus,unit,5,5,unmatched_unit,,,,,,,,,,,,,,,,
d653-1ac3-d944-224f,Hastarii Fusiliers,Imperium - Adeptus Mechanicus,unit,5,5,unmatched_unit,,,,,,,,,,,,,,,,
4349-390e-e183-f0b,Inquisitor Karamazov [Legends],Imperium - Agents of the Imperium,model,1,1,unmatched_unit,0.70,name similarity 0.67; token overlap 0.50; faction compatible,IMPERIAL AGENTS,Inquisitor,,32mm,,,,,,,,,,
d4d2-5f39-6a24-60ab,Inquisitor Eisenhorn [Legends],Imperium - Agents of the Imperium,model,1,1,unmatched_unit,0.70,name similarity 0.67; token overlap 0.50; faction compatible,IMPERIAL AGENTS,Inquisitor,,32mm,,,,,,,,,,
4f74-c65c-3a56-41d6,UR-025 [Legends],Imperium - Agents of the Imperium,model,1,1,unmatched_unit,,,,,,,,,,,,,,,,
c50a-8-694-6fa6,Neyam Shai Murad [Legends],Imperium - Agents of the Imperium,model,1,1,unmatched_unit,,,,,,,,,,,,,,,,
a8a5-f886-c09e-a6f2,Janus Draik [Legends],Imperium - Agents of the Imperium,model,1,1,unmatched_unit,,,,,,,,,,,,,,,,
bbbf-a0fb-d032-3a61,Damned Legionnaires [Legends],Imperium - Agents of the Imperium,unit,5,10,unmatched_unit,,,,,,,,,,,,,,,,
c29e-e398-9588-7f30,Inquisitor in Terminator Armour [Legends],Imperium - Agents of the Imperium,model,1,1,unmatched_unit,0.58,name similarity 0.60; token overlap 0.20; faction compatible,IMPERIAL AGENTS,Inquisitor Coteaz,,40mm,,,,,,,,,,
fac5-a242-951a-e1b2,Daemonhost [Legends],Imperium - Agents of the Imperium,unit,1,2,unmatched_unit,,,,,,,,,,,,,,,,
6ee6-7993-3d63-826c,Daemonhost,Imperium - Agents of the Imperium,model,1,1,unmatched_unit,,,,,,,,,,,,,,,,
bd54-3e9f-3f7d-ad5a,Jokaero Weaponsmith [Legends],Imperium - Agents of the Imperium,model,1,1,unmatched_unit,,,,,,,,,,,,,,,,
88af-6e47-7162-b1be,Kill Team Cassius [Legends],Imperium - Agents of the Imperium,unit,11,11,unmatched_unit,0.61,name similarity 0.55; token overlap 0.50; faction compatible,DEATHWATCH,Fortis Kill Team,,32mm,,,,,,,,,,
4681-2af4-acf9-2bce,Proteus Kill Team [Legends],Imperium - Agents of the Imperium,unit,10,20,unmatched_unit,0.81,name similarity 0.80; token overlap 0.50; faction compatible,DEATHWATCH,Spectrus Kill Team,Kill Team Infiltrators with bolt sniper rifles,40mm,,,,,,,,,,
50a9-30aa-e03a-847d,Veteran Bike Squad [Legends],Imperium - Agents of the Imperium,unit,3,6,unmatched_unit,,,,,,,,,,,,,,,,
6315-d3e6-aa1c-69e4,Inquisitor Ostromandeus [Legends],Imperium - Agents of the Imperium,unit,2,2,unmatched_unit,0.73,name similarity 0.75; token overlap 0.33; faction compatible,IMPERIAL AGENTS,Inquisitor Draxus,,32mm,,,,,,,,,,
90e0-c5a9-17c5-fba4,Martial Agent [Crucible],Imperium - Agents of the Imperium,model,1,1,unmatched_unit,,,,,,,,,,,,,,,,
9a75-f3a2-bff5-9f08,Deathwatch Agent [Crucible],Imperium - Agents of the Imperium,model,1,1,unmatched_unit,0.72,name similarity 0.74; token overlap 0.33; faction compatible,DEATHWATCH,Deathwatch Veterans,,32mm,,,,,,,,,,
2b47-b5e8-b297-7bd8,Enthroned Agent [Crucible],Imperium - Agents of the Imperium,model,1,1,unmatched_unit,,,,,,,,,,,,,,,,
2a3f-b53b-6ea4-6da9,Inquisitor Kroyle,Imperium - Agents of the Imperium,model,1,1,unmatched_unit,0.76,name similarity 0.74; token overlap 0.50; faction compatible,IMPERIAL AGENTS,Inquisitor,,32mm,,,,,,,,,,
913f-3cb6-fb80-7f6a,‘Iron Hand’ Straken [Legends],Imperium - Astra Militarum - Library,model,1,1,unmatched_unit,,,,,,,,,,,,,,,,
5da1-9869-294e-8187,Regimental Attachés [Legends],Imperium - Astra Militarum - Library,unit,3,3,unmatched_unit,,,,,,,,,,,,,,,,
a8d5-81f9-96a0-fd12,Sergeant Harker [Legends],Imperium - Astra Militarum - Library,model,1,1,unmatched_unit,,,,,,,,,,,,,,,,
173e-ddd1-354c-583b,Carnodon [Legends],Imperium - Astra Militarum - Library,model,1,1,unmatched_unit,,,,,,,,,,,,,,,,
f706-c35a-a325-38bf,Malcador [Legends],Imperium - Astra Militarum - Library,model,1,1,unmatched_unit,,,,,,,,,,,,,,,,
bc69-45ff-789c-90bb,Malcador Annihilator [Legends],Imperium - Astra Militarum - Library,model,1,1,unmatched_unit,,,,,,,,,,,,,,,,
a185-ae7a-4503-8ceb,Malcador Defender [Legends],Imperium - Astra Militarum - Library,model,1,1,unmatched_unit,,,,,,,,,,,,,,,,
5e59-657b-5c85-1d92,Malcador Infernus [Legends],Imperium - Astra Militarum - Library,model,1,1,unmatched_unit,,,,,,,,,,,,,,,,
60c8-fd76-c98b-304a,Medusa Carriage Battery [Legends],Imperium - Astra Militarum - Library,model,1,1,unmatched_unit,0.56,name similarity 0.58; token overlap 0.20; faction compatible,ASTRA MILITARUM,Field Ordnance Battery,,100mm,,,,,,,,,,
efc7-ac4c-1fcd-5b39,Earthshaker Carriage Battery [Legends],Imperium - Astra Militarum - Library,model,1,1,unmatched_unit,,,,,,,,,,,,,,,,
a93c-9d4b-8fd9-15b4,Stormblade [Legends],Imperium - Astra Militarum - Library,model,1,1,unmatched_unit,0.63,name similarity 0.74; token overlap 0.00; faction compatible,ASTRA MILITARUM,Stormlord,,Hull,,,,,,,,,,
d7a-7abb-831b-1c67,Macharius [Legends],Imperium - Astra Militarum - Library,model,1,1,unmatched_unit,,,,,,,,,,,,,,,,
731f-e022-6394-3690,Macharius Vanquisher [Legends],Imperium - Astra Militarum - Library,model,1,1,unmatched_unit,0.73,name similarity 0.78; token overlap 0.25; faction compatible,ASTRA MILITARUM,Leman Russ Vanquisher,,Hull,,,,,,,,,,
e951-f9f2-3dd4-d5b8,Macharius Vulcan [Legends],Imperium - Astra Militarum - Library,model,1,1,unmatched_unit,,,,,,,,,,,,,,,,
247-2938-79b6-ff4b,Praetor [Legends],Imperium - Astra Militarum - Library,model,1,1,unmatched_unit,,,,,,,,,,,,,,,,
c7cc-ad05-15f6-a4f3,Crassus [Legends],Imperium - Astra Militarum - Library,model,1,1,unmatched_unit,,,,,,,,,,,,,,,,
1653-dc47-25b-c71f,Colossus [Legends],Imperium - Astra Militarum - Library,model,1,1,unmatched_unit,,,,,,,,,,,,,,,,
3936-a532-dc5e-8498,Valdor [Legends],Imperium - Astra Militarum - Library,model,1,1,unmatched_unit,,,,,,,,,,,,,,,,
ed3d-fa87-4f0d-d10c,Voss-pattern Lightning [Legends],Imperium - Astra Militarum - Library,model,1,1,unmatched_unit,,,,,,,,,,,,,,,,
739e-cb18-c050-fca1,Vulture Gunship [Legends],Imperium - Astra Militarum - Library,model,1,1,unmatched_unit,,,,,,,,,,,,,,,,
7f1f-38c8-1bdc-55d7,Marauder Bomber [Legends],Imperium - Astra Militarum - Library,model,1,1,unmatched_unit,,,,,,,,,,,,,,,,
18f9-56ec-7334-69a7,Marauder Destroyer [Legends],Imperium - Astra Militarum - Library,model,1,1,unmatched_unit,,,,,,,,,,,,,,,,
1502-bae3-93b4-c89a,Tarantula Battery [Legends],Imperium - Astra Militarum - Library,unit,1,3,unmatched_unit,0.57,name similarity 0.56; token overlap 0.25; faction compatible,ASTRA MILITARUM,Field Ordnance Battery,,100mm,,,,,,,,,,
7f51-3401-e115-9b48,Tarantula w/ twin heavy bolter,Imperium - Astra Militarum - Library,model,1,1,unmatched_unit,,,,,,,,,,,,,,,,
9af2-acc-32a4-c91e,Tarantula w/ twin lascannon,Imperium - Astra Militarum - Library,model,1,1,unmatched_unit,,,,,,,,,,,,,,,,
31ec-a804-92ad-97,Rapier Laser Destroyer Battery [Legends],Imperium - Astra Militarum - Library,unit,1,3,unmatched_unit,,,,,,,,,,,,,,,,
ed8d-9053-9d33-61da,Hades Breaching Drill [Legends],Imperium - Astra Militarum - Library,model,1,1,unmatched_unit,,,,,,,,,,,,,,,,
fbaf-15f6-37d8-c5b,Trojan Support Vehicle [Legends],Imperium - Astra Militarum - Library,model,1,1,unmatched_unit,,,,,,,,,,,,,,,,
f8cc-73b7-6caa-f741,Valkyrie Sky Talon [Legends],Imperium - Astra Militarum - Library,model,1,1,unmatched_unit,0.62,name similarity 0.62; token overlap 0.33; faction compatible,ASTRA MILITARUM,Valkyrie,,120x92mm Oval Base,,,,,,,,,,
b44d-ecac-2542-e584,Aquila Lander [Legends],Imperium - Astra Militarum - Library,model,1,1,unmatched_unit,,,,,,,,,,,,,,,,
fc41-a899-8d5a-dc01,Dominus Armoured Siege Bombard [Legends],Imperium - Astra Militarum - Library,model,1,1,unmatched_unit,,,,,,,,,,,,,,,,
5d8e-2b2a-6ed1-8309,Gorgon Heavy Transport [Legends],Imperium - Astra Militarum - Library,model,1,1,unmatched_unit,,,,,,,,,,,,,,,,
8a25-2a0c-87d2-3ea6,Death Korps Grenadier Squad [Legends],Imperium - Astra Militarum - Library,unit,12,12,unmatched_unit,0.73,name similarity 0.73; token overlap 0.40; faction compatible,ASTRA MILITARUM,Death Korps of Krieg,,25mm,,,,,,,,,,
81d4-2ed9-b0a4-6bdd,Centaur Light Carrier [Legends],Imperium - Astra Militarum - Library,model,1,1,unmatched_unit,,,,,,,,,,,,,,,,
4b76-f049-77b1-38bf,Macharius Omega [Legends],Imperium - Astra Militarum - Library,model,1,1,unmatched_unit,,,,,,,,,,,,,,,,
28d1-70b2-70be-c998,Stygies Destroyer Tank Hunter [Legends],Imperium - Astra Militarum - Library,model,1,1,unmatched_unit,,,,,,,,,,,,,,,,
7d5b-1aae-55-2f5b,Rein and Raus [Legends],Imperium - Astra Militarum - Library,unit,2,2,unmatched_unit,,,,,,,,,,,,,,,,
1d02-5302-f162-65d6,Quartermaster Cadre Squad [Legends],Imperium - Astra Militarum - Library,unit,5,5,unmatched_unit,,,,,,,,,,,,,,,,
9673-7eaa-8ed9-bc7c,Atlas Recovery Vehicle [Legends],Imperium - Astra Militarum - Library,model,1,1,unmatched_unit,,,,,,,,,,,,,,,,
3597-3243-6870-70a1,Sabre Weapons Battery [Legends],Imperium - Astra Militarum - Library,unit,1,2,unmatched_unit,,,,,,,,,,,,,,,,
5282-cda5-ab54-6bb2,Sabre Gun Platform,Imperium - Astra Militarum - Library,model,1,1,unmatched_unit,,,,,,,,,,,,,,,,
badd-6133-a469-613c,Elysian Drop Sentinel [Legends],Imperium - Astra Militarum - Library,model,1,1,unmatched_unit,,,,,,,,,,,,,,,,
d4da-78a0-ef0-1e7e,Elysian Sniper Squad [Legends],Imperium - Astra Militarum - Library,unit,3,3,unmatched_unit,,,,,,,,,,,,,,,,
e184-bfe9-ea12-a5e3,Heavy Mortar Team [Legends],Imperium - Astra Militarum - Library,model,1,1,unmatched_unit,0.58,name similarity 0.58; token overlap 0.25; faction compatible,ASTRA MILITARUM,Artillery Team,,130mm,,,,,,,,,,
a96a-83e1-9200-c88b,Armageddon-pattern Medusa [Legends],Imperium - Astra Militarum - Library,model,1,1,unmatched_unit,,,,,,,,,,,,,,,,
5762-f71e-7693-49a6,Heavy Quad Launcher Team [Legends],Imperium - Astra Militarum - Library,model,1,1,unmatched_unit,,,,,,,,,,,,,,,,
8b13-7c06-de12-4227,Arvus Lighter [Legends],Imperium - Astra Militarum - Library,model,1,1,unmatched_unit,,,,,,,,,,,,,,,,
4946-40d2-ee8b-a71c,Vendetta Gunship [Legends],Imperium - Astra Militarum - Library,model,1,1,unmatched_unit,,,,,,,,,,,,,,,,
92a9-a820-b7f-7dc2,Minotaur [Legends],Imperium - Astra Militarum - Library,model,1,1,unmatched_unit,,,,,,,,,,,,,,,,
d58c-e97f-5062-d9e1,Death Rider Commissar [Legends],Imperium - Astra Militarum - Library,model,1,1,unmatched_unit,0.69,name similarity 0.73; token overlap 0.25; faction compatible,ASTRA MILITARUM,Death Riders,,60x35.5mm Oval Base,,,,,,,,,,
8cc1-8512-710f-f15f,Sentinel Powerlifter [Legends],Imperium - Astra Militarum - Library,model,1,1,unmatched_unit,,,,,,,,,,,,,,,,
adbb-4624-738f-61ec,Manticore Platform [Legends],Imperium - Astra Militarum - Library,model,1,1,unmatched_unit,0.70,name similarity 0.67; token overlap 0.50; faction compatible,ASTRA MILITARUM,Manticore,,Hull,,,,,,,,,,
f46c-76ef-3d9c-98ea,Hydra Platform [Legends],Imperium - Astra Militarum - Library,model,1,1,unmatched_unit,0.60,name similarity 0.53; token overlap 0.50; faction compatible,ASTRA MILITARUM,Hydra,,Hull,,,,,,,,,,
7be8-bfe0-6416-8ed7,Griffon Mortar Carrier [Legends],Imperium - Astra Militarum - Library,model,1,1,unmatched_unit,,,,,,,,,,,,,,,,
cb82-5250-6959-d2c3,Earthshaker Platform [Legends],Imperium - Astra Militarum - Library,model,1,1,unmatched_unit,,,,,,,,,,,,,,,,
73b2-edbf-eec3-563d,Salamander Scout Vehicle [Legends],Imperium - Astra Militarum - Library,model,1,1,unmatched_unit,,,,,,,,,,,,,,,,
6800-f1ce-7deb-d9eb,Tauros Assault Vehicle [Legends],Imperium - Astra Militarum - Library,model,1,1,unmatched_unit,,,,,,,,,,,,,,,,
a95f-9dd6-de66-fa59,Tauros Venator [Legends],Imperium - Astra Militarum - Library,model,1,1,unmatched_unit,,,,,,,,,,,,,,,,
9fb1-876b-ac2d-6c9b,Salamander Command Vehicle [Legends],Imperium - Astra Militarum - Library,model,1,1,unmatched_unit,0.57,name similarity 0.57; token overlap 0.25; faction compatible,ASTRA MILITARUM,Catachan Command Squad,,25mm,,,,,,,,,,
59c4-e4de-fe70-b221,Arkurian Stormhammer [Legends],Imperium - Astra Militarum - Library,model,1,1,unmatched_unit,,,,,,,,,,,,,,,,
b6a7-4d64-1155-70c1,Storm Chimera [Legends],Imperium - Astra Militarum - Library,model,1,1,unmatched_unit,0.73,name similarity 0.70; token overlap 0.50; faction compatible,ASTRA MILITARUM,Chimera,,Hull,,,,,,,,,,
f4d1-cea9-f487-4501,Provisionally Prepared [Legends],Imperium - Astra Militarum - Library,model,1,1,unmatched_unit,,,,,,,,,,,,,,,,
2408-cf76-fe11-c6da,Hell's Last [Legends],Imperium - Astra Militarum - Library,unit,5,5,unmatched_unit,,,,,,,,,,,,,,,,
4fc5-184d-b305-3551,Front-line Commander [Crucible],Imperium - Astra Militarum - Library,model,1,1,unmatched_unit,0.62,name similarity 0.65; token overlap 0.20; faction compatible,ASTRA MILITARUM,Rogal Dorn Commander,,Hull,,,,,,,,,,
7280-8daf-312a-b01d,Augmented Bone 'Ead [Crucible],Imperium - Astra Militarum - Library,model,1,1,unmatched_unit,,,,,,,,,,,,,,,,
a040-9715-5d3a-52af,Sentinel Commander [Crucible],Imperium - Astra Militarum - Library,model,1,1,unmatched_unit,0.58,name similarity 0.58; token overlap 0.25; faction compatible,ASTRA MILITARUM,Leman Russ Commander,,Hull,,,,,,,,,,
3962-1fa9-7088-aedd,Commissar Yarrick,Imperium - Astra Militarum - Library,model,1,1,unmatched_unit,0.72,name similarity 0.69; token overlap 0.50; faction compatible,ASTRA MILITARUM,Commissar,,28.5mm,,,,,,,,,,
50b8-1f13-9807-0069,Commissar Graves,Imperium - Astra Militarum - Library,model,1,1,unmatched_unit,0.74,name similarity 0.72; token overlap 0.50; faction compatible,ASTRA MILITARUM,Commissar,,28.5mm,,,,,,,,,,
d624-2be1-87a3-41ca,Commissar Graves on Foot,Imperium - Astra Militarum - Library,model,1,1,unmatched_unit,,,,,,,,,,,,,,,,
c871-4769-71ed-c4b3,Centaur RSV,Imperium - Astra Militarum - Library,model,1,1,unmatched_unit,,,,,,,,,,,,,,,,
8d87-ee8a-6af4-3715,Brother Corbulo [Legends],Imperium - Adeptus Astartes - Blood Angels,model,1,1,unmatched_unit,,,,,,,,,,,,,,,,
ae0a-e23c-2184-7c65,Captain Tycho [Legends],Imperium - Adeptus Astartes - Blood Angels,model,1,1,unmatched_unit,0.73,name similarity 0.70; token overlap 0.50; faction compatible,SPACE MARINES,Captain,,40mm,,,,,,,,,,
8577-8a5d-75f6-a630,Tycho the Lost [Legends],Imperium - Adeptus Astartes - Blood Angels,model,1,1,unmatched_unit,,,,,,,,,,,,,,,,
bb83-db85-6ce1-9a61,Death Company Intercessors,Imperium - Adeptus Astartes - Blood Angels,unit,5,10,unmatched_unit,0.78,name similarity 0.77; token overlap 0.50; faction compatible,BLOOD ANGELS,Death Company Marines,,32mm,,,,,,,,,,
c954-8157-25fd-5f99,Furioso Dreadnought [Legends],Imperium - Adeptus Astartes - Blood Angels,model,1,1,unmatched_unit,0.75,name similarity 0.73; token overlap 0.50; faction compatible,SPACE MARINES,Dreadnought,,60mm,,,,,,,,,,
462-f17c-3bb-16a,Gabriel Seth [Legends],Imperium - Adeptus Astartes - Blood Angels,model,1,1,unmatched_unit,,,,,,,,,,,,,,,,
b6e0-b465-801c-24c8,Librarian Dreadnought [Legends],Imperium - Adeptus Astartes - Blood Angels,model,1,1,unmatched_unit,0.72,name similarity 0.69; token overlap 0.50; faction compatible,SPACE MARINES,Dreadnought,,60mm,,,,,,,,,,
fa13-ba8a-8711-87b6,Sanguinary Priest with Jump Pack [Legends],Imperium - Adeptus Astartes - Blood Angels,model,1,1,unmatched_unit,0.78,name similarity 0.77; token overlap 0.50; faction compatible,BLOOD ANGELS,Sanguinary Priest,,40mm,,,,,,,,,,
3621-b460-722-8954,Sanguinary Priest on Bike [Legends],Imperium - Adeptus Astartes - Blood Angels,model,1,1,unmatched_unit,0.58,name similarity 0.54; token overlap 0.40; faction compatible,SPACE MARINES,Chaplain on Bike,,90x52.5mm Oval Base,,,,,,,,,,
a2b6-e35-67a8-d76e,Ravenwing Talonmaster [Legends],Imperium - Adeptus Astartes - Dark Angels,model,1,1,unmatched_unit,0.69,name similarity 0.73; token overlap 0.25; faction compatible,DARK ANGELS,Ravenwing Dark Talon,,120x92mm Oval Base,,,,,,,,,,
ebd0-6939-6305-6d16,Deathwing Strikemaster [Legends],Imperium - Adeptus Astartes - Dark Angels,model,1,1,unmatched_unit,0.63,name similarity 0.62; token overlap 0.33; faction compatible,DARK ANGELS,Deathwing Terminator Squad,,40mm,,,,,,,,,,
48fb-ebd6-dd17-729b,Deathwing Command Squad [Legends],Imperium - Adeptus Astartes - Dark Angels,unit,6,11,unmatched_unit,0.74,name similarity 0.76; token overlap 0.33; faction compatible,DARK ANGELS,Ravenwing Command Squad,,75x42mm Oval Base,,,,,,,,,,
4042-67ce-8d45-ed33,Kill Team Cassius [Legends],Imperium - Adeptus Astartes - Deathwatch,unit,11,11,unmatched_unit,0.61,name similarity 0.55; token overlap 0.50; faction compatible,DEATHWATCH,Fortis Kill Team,,32mm,,,,,,,,,,
7a19-5235-692b-320d,Kaldor Draigo [Legends],Imperium - Grey Knights,model,1,1,unmatched_unit,,,,,,,,,,,,,,,,
35ed-7890-6c56-18b7,Servitors [Legends],Imperium - Grey Knights,unit,4,4,unmatched_unit,,,,,,,,,,,,,,,,
69d-a656-fde3-6c3e,Land Raider Banisher,Imperium - Grey Knights,model,1,1,unmatched_unit,0.78,name similarity 0.71; token overlap 0.67; faction compatible,GREY KNIGHTS,Land Raider,,Hull,,,,,,,,,,
28d0-5a52-501a-441d,Grey Knights Dreadnought [Legends],Imperium - Grey Knights,model,1,1,unmatched_unit,0.66,name similarity 0.64; token overlap 0.40; faction compatible,GREY KNIGHTS,Grey Knights Thunderhawk Gunship,,Unique,,,,,,,,,,
54f0-4b3f-3abe-081b,Grey Knights Relic Razorback [Legends],Imperium - Grey Knights,model,1,1,unmatched_unit,,,,,,,,,,,,,,,,
9782-7a59-9b65-21e4,Champion of Titan [Crucible],Imperium - Grey Knights,model,1,1,unmatched_unit,,,,,,,,,,,,,,,,
2a2d-1f49-9373-4084,Venerable Daemon Slayer [Crucible],Imperium - Grey Knights,model,1,1,unmatched_unit,0.59,name similarity 0.59; token overlap 0.25; faction compatible,GREY KNIGHTS,Venerable Dreadnought,,60mm,,,,,,,,,,
e60e-8ccf-41b2-292e,Dreadknight Champion [Crucible],Imperium - Grey Knights,model,1,1,unmatched_unit,0.59,name similarity 0.56; token overlap 0.33; faction compatible,GREY KNIGHTS,Nemesis Dreadknight,,120x92mm Oval Base,,,,,,,,,,
10d8-d702-f556-5d3c,Knight Destrier,Imperium - Imperial Knights - Library,model,1,1,unmatched_unit,0.71,name similarity 0.73; token overlap 0.33; faction compatible,IMPERIAL KNIGHTS,Knight Defender,,170x109mm Oval Base,,,,,,,,,,
9a96-8de3-f4aa-7497,Scout Sniper Squad [Legends],Imperium - Adeptus Astartes - Space Marines,unit,6,11,unmatched_unit,0.65,name similarity 0.59; token overlap 0.50; faction compatible,SPACE MARINES,Scout Squad,,28.5mm,,,,,,,,,,
f1b9-b2e8-4ccf-d6cb,Vanguard Veteran Squad [Legends],Imperium - Adeptus Astartes - Space Marines,unit,6,11,unmatched_unit,0.78,name similarity 0.82; token overlap 0.33; faction compatible,SPACE MARINES,Bladeguard Veteran Squad,,40mm,,,,,,,,,,
9d3f-134e-1f5b-531a,Relic Terminator Squad [Legends],Imperium - Adeptus Astartes - Space Marines,unit,6,11,unmatched_unit,0.78,name similarity 0.77; token overlap 0.50; faction compatible,SPACE MARINES,Terminator Squad,,40mm,,,,,,,,,,
64c7-8b87-1b4f-7850,Ironclad Dreadnought [Legends],Imperium - Adeptus Astartes - Space Marines,model,1,1,unmatched_unit,0.74,name similarity 0.71; token overlap 0.50; faction compatible,SPACE MARINES,Dreadnought,,60mm,,,,,,,,,,
ca4e-47d5-a704-8e5a,Assault Squad [Legends],Imperium - Adeptus Astartes - Space Marines,unit,6,11,unmatched_unit,0.64,name similarity 0.58; token overlap 0.50; faction compatible,SPACE MARINES,Centurion Assault Squad,,50mm,,,,,,,,,,
bfe7-b726-9158-d5ad,Assault Squad with Jump Packs [Legends],Imperium - Adeptus Astartes - Space Marines,unit,6,11,unmatched_unit,0.65,name similarity 0.62; token overlap 0.40; faction compatible,SPACE MARINES,Vanguard Veteran Squad with Jump Packs,,32mm,,,,,,,,,,
7bef-c609-3897-8bd6,Attack Bike Squad [Legends],Imperium - Adeptus Astartes - Space Marines,unit,1,3,unmatched_unit,,,,,,,,,,,,,,,,
332e-608d-ea45-d78c,Attack Bike,Imperium - Adeptus Astartes - Space Marines,model,1,1,unmatched_unit,,,,,,,,,,,,,,,,
e6c4-3c73-1f0e-816d,Bike Squad [Legends],Imperium - Adeptus Astartes - Space Marines,unit,4,8,unmatched_unit,,,,,,,,,,,,,,,,
a266-8dbe-3546-e001,Attack Bike,Imperium - Adeptus Astartes - Space Marines,model,1,1,unmatched_unit,,,,,,,,,,,,,,,,
699f-a59e-baa6-ba8b,Scout Bike Squad [Legends],Imperium - Adeptus Astartes - Space Marines,unit,4,7,unmatched_unit,0.70,name similarity 0.67; token overlap 0.50; faction compatible,SPACE MARINES,Scout Squad,,28.5mm,,,,,,,,,,
90fe-d51c-1541-5d60,Land Speeder Typhoon [Legends],Imperium - Adeptus Astartes - Space Marines,model,1,1,unmatched_unit,,,,,,,,,,,,,,,,
760c-24f2-ac1e-162b,Land Speeder Tornado [Legends],Imperium - Adeptus Astartes - Space Marines,model,1,1,unmatched_unit,0.58,name similarity 0.60; token overlap 0.20; faction compatible,SPACE MARINES,Land Raider Crusader,,Hull,,,,,,,,,,
5031-c88d-5a9c-754d,Land Speeder [Legends],Imperium - Adeptus Astartes - Space Marines,model,1,1,unmatched_unit,0.69,name similarity 0.70; token overlap 0.33; faction compatible,SPACE MARINES,Land Raider,,Hull,,,,,,,,,,
2fa7-e488-c012-4af1,Thunderfire Cannon [Legends],Imperium - Adeptus Astartes - Space Marines,unit,2,2,unmatched_unit,,,,,,,,,,,,,,,,
3ad-729-3235-4777,Hunter [Legends],Imperium - Adeptus Astartes - Space Marines,model,1,1,unmatched_unit,,,,,,,,,,,,,,,,
adcd-2954-5a7f-d7ed,Stalker [Legends],Imperium - Adeptus Astartes - Space Marines,model,1,1,unmatched_unit,,,,,,,,,,,,,,,,
fce3-2e6f-cede-69cc,Land Speeder Storm [Legends],Imperium - Adeptus Astartes - Space Marines,model,1,1,unmatched_unit,0.63,name similarity 0.57; token overlap 0.50; faction compatible,SPACE MARINES,Storm Speeder Hailstrike,,90mm,,,,,,,,,,
faf9-bf62-8eb5-a3cb,Captain on Bike [Legends],Imperium - Adeptus Astartes - Space Marines,model,1,1,unmatched_unit,0.64,name similarity 0.64; token overlap 0.33; faction compatible,SPACE MARINES,Captain,,40mm,,,,,,,,,,
45af-a02e-e8e2-49f,Librarian with Jump Pack [Legends],Imperium - Adeptus Astartes - Space Marines,model,1,1,unmatched_unit,0.73,name similarity 0.70; token overlap 0.50; faction compatible,SPACE MARINES,Chaplain with Jump Pack,,32mm,,,,,,,,,,
74c4-82d0-4c98-2fa8,Astartes Servitors [Legends],Imperium - Adeptus Astartes - Space Marines,unit,4,4,unmatched_unit,,,,,,,,,,,,,,,,
36cf-5961-78b9-79ce,Primaris Company Champion [Legends],Imperium - Adeptus Astartes - Space Marines,model,1,1,unmatched_unit,,,,,,,,,,,,,,,,
78ae-14b4-56d0-cc9d,Command Squad [Legends],Imperium - Adeptus Astartes - Space Marines,unit,7,7,unmatched_unit,,,,,,,,,,,,,,,,
525c-7e0-b0de-8a6f,Mortis Dreadnought [Legends],Imperium - Adeptus Astartes - Space Marines,model,1,1,unmatched_unit,0.79,name similarity 0.84; token overlap 0.33; faction compatible,SPACE MARINES,Brutalis Dreadnought,,90mm,,,,,,,,,,
534d-4e94-5a8a-75ae,Deimos Predator [Legends],Imperium - Adeptus Astartes - Space Marines,model,1,1,unmatched_unit,,,,,,,,,,,,,,,,
b51-a07d-6440-e1ad,Chaplain Venerable Dreadnought [Legends],Imperium - Adeptus Astartes - Space Marines,model,1,1,unmatched_unit,0.59,name similarity 0.60; token overlap 0.25; faction compatible,SPACE MARINES,Brutalis Dreadnought,,90mm,,,,,,,,,,
d4ad-4638-c7a7-1af6,Land Speeder Tempest [Legends],Imperium - Adeptus Astartes - Space Marines,model,1,1,unmatched_unit,0.58,name similarity 0.60; token overlap 0.20; faction compatible,SPACE MARINES,Land Raider Redeemer,,Hull,,,,,,,,,,
103c-8f97-ed61-1922,Carab Culln the Risen [Legends],Imperium - Adeptus Astartes - Space Marines,model,1,1,unmatched_unit,,,,,,,,,,,,,,,,
df9b-111-d64a-e298,Caestus Assault Ram [Legends],Imperium - Adeptus Astartes - Space Marines,model,1,1,unmatched_unit,0.64,name similarity 0.67; token overlap 0.25; faction compatible,SPACE MARINES,Centurion Assault Squad,,50mm,,,,,,,,,,
bbc6-900e-c5f2-d634,Land Raider Prometheus [Legends],Imperium - Adeptus Astartes - Space Marines,model,1,1,unmatched_unit,0.75,name similarity 0.67; token overlap 0.67; faction compatible,SPACE MARINES,Land Raider,,Hull,,,,,,,,,,
80d1-496f-40fd-c154,Rhino Primaris [Legends],Imperium - Adeptus Astartes - Space Marines,model,1,1,unmatched_unit,0.60,name similarity 0.53; token overlap 0.50; faction compatible,SPACE MARINES,Rhino,,Hull,,,,,,,,,,
c8e1-69a5-1121-6f79,Land Raider Excelsior [Legends],Imperium - Adeptus Astartes - Space Marines,model,1,1,unmatched_unit,0.76,name similarity 0.69; token overlap 0.67; faction compatible,SPACE MARINES,Land Raider,,Hull,,,,,,,,,,
faa-3b84-1365-9c22,Imperial Space Marine [Legends],Imperium - Adeptus Astartes - Space Marines,model,1,1,unmatched_unit,,,,,,,,,,,,,,,,
d4c6-55c1-e552-9f6c,Terminus Ultra [Legends],Imperium - Adeptus Astartes - Space Marines,model,1,1,unmatched_unit,0.58,name similarity 0.67; token overlap 0.00; faction compatible,SPACE MARINES,Terminator Squad,,40mm,,,,,,,,,,
2a4c-d1a-95c9-f4cf,Relic Razorback [Legends],Imperium - Adeptus Astartes - Space Marines,model,1,1,unmatched_unit,0.77,name similarity 0.75; token overlap 0.50; faction compatible,SPACE MARINES,Razorback,,Hull,,,,,,,,,,
a40-ff3f-c1ea-fea7,Company Veterans on Bikes [Legends],Imperium - Adeptus Astartes - Space Marines,unit,3,6,unmatched_unit,0.63,name similarity 0.67; token overlap 0.20; faction compatible,SPACE MARINES,Company Heroes,,40mm,,,,,,,,,,
97c3-20c8-4c99-39e5,Company Champion on Bike [Legends],Imperium - Adeptus Astartes - Space Marines,model,1,1,unmatched_unit,0.70,name similarity 0.70; token overlap 0.40; faction compatible,SPACE MARINES,Chaplain on Bike,,90x52.5mm Oval Base,,,,,,,,,,
e4c7-b10c-6896-3f0,Ancient on Bike [Legends],Imperium - Adeptus Astartes - Space Marines,model,1,1,unmatched_unit,0.69,name similarity 0.65; token overlap 0.50; faction compatible,SPACE MARINES,Chaplain on Bike,,90x52.5mm Oval Base,,,,,,,,,,
449f-a74d-e85a-2684,Apothecary on Bike [Legends],Imperium - Adeptus Astartes - Space Marines,model,1,1,unmatched_unit,0.70,name similarity 0.71; token overlap 0.33; faction compatible,SPACE MARINES,Apothecary,,40mm,,,,,,,,,,
33e2-3ddf-7063-df9e,Techmarine on Bike [Legends],Imperium - Adeptus Astartes - Space Marines,model,1,1,unmatched_unit,0.78,name similarity 0.76; token overlap 0.50; faction compatible,SPACE MARINES,Chaplain on Bike,,90x52.5mm Oval Base,,,,,,,,,,
1039-4a94-c791-9e1d,Librarian on Bike [Legends],Imperium - Adeptus Astartes - Space Marines,model,1,1,unmatched_unit,0.70,name similarity 0.67; token overlap 0.50; faction compatible,SPACE MARINES,Chaplain on Bike,,90x52.5mm Oval Base,,,,,,,,,,
1051-f1e8-4ef2-4575,Thunderhawk Transporter [Legends],Imperium - Adeptus Astartes - Space Marines,model,1,1,unmatched_unit,0.70,name similarity 0.71; token overlap 0.33; faction compatible,SPACE MARINES,Thunderhawk Gunship,,Unique,,,,,,,,,,
6a7a-9078-8af1-c02e,Tarantula Air Defense Battery [Legends],Imperium - Adeptus Astartes - Space Marines,model,1,1,unmatched_unit,,,,,,,,,,,,,,,,
dc83-f2ef-802a-5662,Ferren Areios [Legends],Imperium - Adeptus Astartes - Space Marines,model,1,1,unmatched_unit,,,,,,,,,,,,,,,,
74ba-6762-ef01-32d6,Champion of the Chapter [Crucible],Imperium - Adeptus Astartes - Space Marines,model,1,1,unmatched_unit,,,,,,,,,,,,,,,,
0385-0e03-0eac-d91c,Librarius Adept [Crucible],Imperium - Adeptus Astartes - Space Marines,model,1,1,unmatched_unit,0.58,name similarity 0.67; token overlap 0.00; faction compatible,SPACE MARINES,Librarian,,40mm,,,,,,,,,,
3fe2-9d72-8251-adb4,Venerable Battle-Brother [Crucible],Imperium - Adeptus Astartes - Space Marines,model,1,1,unmatched_unit,,,,,,,,,,,,,,,,
54e3-9fb6-416-8a90,Logan Grimnar on Stormrider [Legends],Imperium - Adeptus Astartes - Space Wolves,model,1,1,unmatched_unit,0.69,name similarity 0.65; token overlap 0.50; faction compatible,SPACE WOLVES,Logan Grimnar,,80mm,,,,,,,,,,
af71-2b1b-2eee-d2be,Krom Dragongaze [Legends],Imperium - Adeptus Astartes - Space Wolves,model,1,1,unmatched_unit,,,,,,,,,,,,,,,,
7d72-63bf-a5f2-bb6c,Harald Deathwolf [Legends],Imperium - Adeptus Astartes - Space Wolves,model,1,1,unmatched_unit,,,,,,,,,,,,,,,,
d63f-bf2c-d38b-58c0,Canis Wolfborn [Legends],Imperium - Adeptus Astartes - Space Wolves,model,1,1,unmatched_unit,,,,,,,,,,,,,,,,
bcab-c09a-6584-3b26,Wolf Guard Battle Leader in Terminator Armour [Legends],Imperium - Adeptus Astartes - Space Wolves,model,1,1,unmatched_unit,0.75,name similarity 0.71; token overlap 0.57; faction compatible,SPACE WOLVES,Wolf Guard Battle Leader,,40mm,,,,,,,,,,
295-5df2-e140-7266,Wolf Lord on Thunderwolf [Legends],Imperium - Adeptus Astartes - Space Wolves,model,1,1,unmatched_unit,,,,,,,,,,,,,,,,
6ec-fcf9-ebb6-7c55,Wolf Guard Battle Leader on Thunderwolf [Legends],Imperium - Adeptus Astartes - Space Wolves,model,1,1,unmatched_unit,,,,,,,,,,,,,,,,
8486-fe44-efc3-e51b,Wolf Guard [Legends],Imperium - Adeptus Astartes - Space Wolves,unit,5,10,unmatched_unit,0.73,name similarity 0.65; token overlap 0.67; faction compatible,SPACE WOLVES,Wolf Guard Headtakers,,40mm,,,,,,,,,,
6044-a19c-fd13-fdb8,Lukas the Trickster [Legends],Imperium - Adeptus Astartes - Space Wolves,model,1,1,unmatched_unit,,,,,,,,,,,,,,,,
f37d-87d6-e14c-e697,Hounds of Morkai [Legends],Imperium - Adeptus Astartes - Space Wolves,unit,5,10,unmatched_unit,,,,,,,,,,,,,,,,
b556-b0e1-3b4e-597a,Skyclaws [Legends],Imperium - Adeptus Astartes - Space Wolves,unit,5,15,unmatched_unit,,,,,,,,,,,,,,,,
47fa-f42-bb06-77d2,Long Fangs [Legends],Imperium - Adeptus Astartes - Space Wolves,unit,5,6,unmatched_unit,,,,,,,,,,,,,,,,
3b8b-19bb-1855-98c5,Stormfang Gunship [Legends],Imperium - Adeptus Astartes - Space Wolves,model,1,1,unmatched_unit,0.81,name similarity 0.86; token overlap 0.33; faction compatible,SPACE MARINES,Stormtalon Gunship,,120x92mm Oval Base,,,,,,,,,,
b85d-d565-d3a4-8f8b,Stormwolf [Legends],Imperium - Adeptus Astartes - Space Wolves,model,1,1,unmatched_unit,,,,,,,,,,,,,,,,
5d99-8592-a934-48d9,Wolf Guard Pack Leader [Legends],Imperium - Adeptus Astartes - Space Wolves,model,1,1,unmatched_unit,0.74,name similarity 0.74; token overlap 0.40; faction compatible,SPACE WOLVES,Wolf Guard Headtakers,,40mm,,,,,,,,,,
a60f-7d3a-d2f8-60cd,Wolf Guard Pack Leader with Jump Pack [Legends],Imperium - Adeptus Astartes - Space Wolves,model,1,1,unmatched_unit,0.71,name similarity 0.68; token overlap 0.50; faction compatible,SPACE WOLVES,Wolf Guard Battle Leader,,40mm,,,,,,,,,,
a341-f355-7305-58bb,Wolf Guard Pack Leader in Terminator Armour [Legends],Imperium - Adeptus Astartes - Space Wolves,model,1,1,unmatched_unit,0.68,name similarity 0.68; token overlap 0.38; faction compatible,SPACE MARINES,Librarian in Terminator Armour,,40mm,,,,,,,,,,
6a06-e50c-2c7d-3ec3,Cyberwolf [Legends],Imperium - Adeptus Astartes - Space Wolves,model,1,1,unmatched_unit,,,,,,,,,,,,,,,,
6a01-437c-998a-f48e,Iron Priest on Thunderwolf [Legends],Imperium - Adeptus Astartes - Space Wolves,model,1,1,unmatched_unit,0.65,name similarity 0.59; token overlap 0.50; faction compatible,SPACE WOLVES,Iron Priest,,32mm,,,,,,,,,,
b180-3cac-9124-b818,Chaplain Cassius [Legends],Imperium - Adeptus Astartes - Ultramarines,model,1,1,unmatched_unit,0.70,name similarity 0.67; token overlap 0.50; faction compatible,SPACE MARINES,Chaplain,,40mm,,,,,,,,,,
2263-82ee-3db6-8be9,Sergeant Chronus [Legends],Imperium - Adeptus Astartes - Ultramarines,model,1,1,unmatched_unit,,,,,,,,,,,,,,,,
696a-899e-514b-4a04,Sergeant Telion [Legends],Imperium - Adeptus Astartes - Ultramarines,model,1,1,unmatched_unit,,,,,,,,,,,,,,,,
8770-b0eb-f430-1dda,Tyrannic War Veterans [Legends],Imperium - Adeptus Astartes - Ultramarines,unit,6,6,unmatched_unit,0.58,name similarity 0.67; token overlap 0.00; faction compatible,SPACE MARINES,Sternguard Veteran Squad,,32mm,,,,,,,,,,
f4a3-1616-2f8e-59a3,Ultramarines Honour Guard [Legends],Imperium - Adeptus Astartes - Ultramarines,unit,4,4,unmatched_unit,0.74,name similarity 0.71; token overlap 0.50; faction compatible,SPACE MARINES,Victrix Honour Guard,,40mm,,,,,,,,,,
0039-5b91-2e96-0e08,Living Ancestor [Crucible],Xenos - Leagues of Votann,model,1,1,unmatched_unit,,,,,,,,,,,,,,,,
05b6-7622-edbe-7a9a,Kinhost Commander [Crucible],Xenos - Leagues of Votann,model,1,1,unmatched_unit,,,,,,,,,,,,,,,,
4eaf-78d5-9195-0e36,Steeljack Elder [Crucible],Xenos - Leagues of Votann,model,1,1,unmatched_unit,,,,,,,,,,,,,,,,
c7ea-1b76-c8c1-4786,Berehk Stornbröw,Xenos - Leagues of Votann,model,1,1,unmatched_unit,,,,,,,,,,,,,,,,
78aa-3f99-5fb7-7f83,Kratos [Legends],Library - Astartes Heresy Legends,model,1,1,unmatched_unit,0.58,name similarity 0.77; token overlap 0.00,CHAOS SPACE MARINES,Raptors,,32mm,,,,,,,,,,
d38d-c3a2-f753-efea,Deredeo Dreadnought [Legends],Library - Astartes Heresy Legends,model,1,1,unmatched_unit,0.72,name similarity 0.85; token overlap 0.33,SPACE MARINES,Redemptor Dreadnought,,90mm,,,,,,,,,,
783a-1c02-b377-b169,Relic Contemptor Dreadnought [Legends],Library - Astartes Heresy Legends,model,1,1,unmatched_unit,0.75,name similarity 0.83; token overlap 0.50,ADEPTUS CUSTODES,Venerable Contemptor Dreadnought,,60mm,,,,,,,,,,
14d4-8062-f090-6719,Leviathan Dreadnought [Legends],Library - Astartes Heresy Legends,model,1,1,unmatched_unit,0.66,name similarity 0.77; token overlap 0.33,SPACE WOLVES,Wulfen Dreadnought,,60mm,,,,,,,,,,
1f26-fce8-bb2d-2c44,Javelin Attack Speeder [Legends],Library - Astartes Heresy Legends,model,1,1,unmatched_unit,,,,,,,,,,,,,,,,
68be-7090-1fbc-9021,Deathstorm Drop Pod [Legends],Library - Astartes Heresy Legends,model,1,1,unmatched_unit,0.61,name similarity 0.59; token overlap 0.67,SPACE MARINES,Drop Pod,,Hull,,,,,,,,,,
34c8-1025-33f7-baaf,Land Raider Proteus [Legends],Library - Astartes Heresy Legends,model,1,1,unmatched_unit,0.72,name similarity 0.73; token overlap 0.67,GREY KNIGHTS,Land Raider,,Hull,,,,,,,,,,
3006-ffe-2b0c-6b1b,Land Raider Achilles [Legends],Library - Astartes Heresy Legends,model,1,1,unmatched_unit,0.70,name similarity 0.71; token overlap 0.67,GREY KNIGHTS,Land Raider,,Hull,,,,,,,,,,
b2f1-197b-fb3b-687f,Sicaran Battle Tank [Legends],Library - Astartes Heresy Legends,model,1,1,unmatched_unit,0.65,name similarity 0.73; token overlap 0.40,ASTRA MILITARUM,Rogal Dorn Battle Tank,,Hull,,,,,,,,,,
ca2a-69ca-dd3c-47,Sicaran Arcus [Legends],Library - Astartes Heresy Legends,model,1,1,unmatched_unit,,,,,,,,,,,,,,,,
e63e-2aa6-f840-b54e,Sicaran Venator [Legends],Library - Astartes Heresy Legends,model,1,1,unmatched_unit,,,,,,,,,,,,,,,,
68aa-28bf-bd73-3355,Sicaran Punisher [Legends],Library - Astartes Heresy Legends,model,1,1,unmatched_unit,,,,,,,,,,,,,,,,
8b64-6aba-150d-27e4,Sicaran Omega [Legends],Library - Astartes Heresy Legends,model,1,1,unmatched_unit,,,,,,,,,,,,,,,,
2aee-e03c-836e-4c6e,Rapier Carrier [Legends],Library - Astartes Heresy Legends,model,1,1,unmatched_unit,0.63,name similarity 0.73; token overlap 0.33,LEAGUES OF VOTANN,Kapricus Carrier,,105x70mm Oval Base,,,,,,,,,,
97dc-f0c8-1354-88fb,Whirlwind Scorpius [Legends],Library - Astartes Heresy Legends,model,1,1,unmatched_unit,0.62,name similarity 0.67; token overlap 0.50,SPACE MARINES,Whirlwind,,Hull,,,,,,,,,,
128d-5011-8e6-45a6,Vindicator Laser Destroyer [Legends],Library - Astartes Heresy Legends,model,1,1,unmatched_unit,,,,,,,,,,,,,,,,
7fd0-d95d-d076-3472,Dreadnought Drop Pod [Legends],Library - Astartes Heresy Legends,model,1,1,unmatched_unit,0.62,name similarity 0.71; token overlap 0.33,SPACE MARINES,Dreadnought,,60mm,,,,,,,,,,
3d36-e9d7-54c5-deb7,Terrax-pattern Termite [Legends],Library - Astartes Heresy Legends,model,1,1,unmatched_unit,,,,,,,,,,,,,,,,
1aa5-d081-2442-4c37,Xiphon Interceptor [Legends],Library - Astartes Heresy Legends,model,1,1,unmatched_unit,0.69,name similarity 0.76; token overlap 0.50,GREY KNIGHTS,Interceptor Squad,,32mm,,,,,,,,,,
3b7d-b14e-603-e1ad,Storm Eagle Gunship [Legends],Library - Astartes Heresy Legends,model,1,1,unmatched_unit,0.67,name similarity 0.81; token overlap 0.25,GREY KNIGHTS,Stormtalon Gunship,,120x92mm Oval Base,,,,,,,,,,
1fc7-7880-e4d4-acbf,Fire Raptor Gunship [Legends],Library - Astartes Heresy Legends,model,1,1,unmatched_unit,,,,,,,,,,,,,,,,
f60c-1b93-9ee8-59d2,Typhon [Legends],Library - Astartes Heresy Legends,model,1,1,unmatched_unit,,,,,,,,,,,,,,,,
4044-b458-fb4d-d05b,Cerberus [Legends],Library - Astartes Heresy Legends,model,1,1,unmatched_unit,,,,,,,,,,,,,,,,
7b3a-9a63-6200-ec7,Spartan [Legends],Library - Astartes Heresy Legends,model,1,1,unmatched_unit,,,,,,,,,,,,,,,,
585d-722b-4304-2f63,Fellblade [Legends],Library - Astartes Heresy Legends,model,1,1,unmatched_unit,,,,,,,,,,,,,,,,
625b-29e4-7be7-db5a,Falchion [Legends],Library - Astartes Heresy Legends,model,1,1,unmatched_unit,0.64,name similarity 0.86; token overlap 0.00,AELDARI,Falcon,,Large Flying Base,,,,,,,,,,
e337-7f05-f1b3-d64e,Mastodon [Legends],Library - Astartes Heresy Legends,model,1,1,unmatched_unit,,,,,,,,,,,,,,,,
a80f-8343-85f3-716a,Sokar-pattern Stormbird [Legends],Library - Astartes Heresy Legends,model,1,1,unmatched_unit,,,,,,,,,,,,,,,,
d298-eb55-5779-f90e,Tarantula Sentry Battery [Legends],Library - Astartes Heresy Legends,model,1,1,unmatched_unit,,,,,,,,,,,,,,,,
7e7a-96f6-cad0-50ec,Decimator [Legends],Library - Astartes Heresy Legends,model,1,1,unmatched_unit,,,,,,,,,,,,,,,,
412c-3499-8275-2637,Greater Blight Drone [Legends],Library - Astartes Heresy Legends,model,1,1,unmatched_unit,,,,,,,,,,,,,,,,
9401-616b-6e9e-10e5,Dreadclaw Drop Pod [Legends],Library - Astartes Heresy Legends,model,1,1,unmatched_unit,0.63,name similarity 0.62; token overlap 0.67,SPACE MARINES,Drop Pod,,Hull,,,,,,,,,,
fdad-1104-a934-3812,Blood Slaughterer [Legends],Library - Astartes Heresy Legends,model,1,1,unmatched_unit,,,,,,,,,,,,,,,,
f564-7bc-21a6-7796,Greater Brass Scorpion [Legends],Library - Astartes Heresy Legends,model,1,1,unmatched_unit,,,,,,,,,,,,,,,,
6c76-b4e-4437-27e2,Kytan Ravager [Legends],Library - Astartes Heresy Legends,model,1,1,unmatched_unit,0.65,name similarity 0.70; token overlap 0.50,DRUKHARI,Ravager,,Large Flying Base,,,,,,,,,,
5bb7-ac8-4448-a4d8,Kharybdis Assault Claw [Legends],Library - Astartes Heresy Legends,model,1,1,unmatched_unit,,,,,,,,,,,,,,,,
6844-986c-b0ea-6dd5,Chaos Thunderhawk [Legends],Library - Astartes Heresy Legends,model,1,1,unmatched_unit,,,,,,,,,,,,,,,,
c10d-772e-a54f-a2b9,Hyperadapted Raveners,Library - Tyranids,unit,1,1,unmatched_unit,0.62,name similarity 0.55; token overlap 0.50; faction compatible,TYRANIDS,Raveners,,40mm,,,,,,,,,,
527c-d3c6-c620-c7c6,Node Organism [Crucible],Library - Tyranids,model,1,1,unmatched_unit,,,,,,,,,,,,,,,,
6f46-0c77-acd0-3f5d,Prime Organism [Crucible],Library - Tyranids,model,1,1,unmatched_unit,,,,,,,,,,,,,,,,
a89f-8ad1-3d79-174f,Macro Organism [Crucible],Library - Tyranids,model,1,1,unmatched_unit,,,,,,,,,,,,,,,,
43b5-f4f9-f7c6-327a,Anrakyr the Traveller [Legends],Xenos - Necrons,model,1,1,unmatched_unit,,,,,,,,,,,,,,,,
b5c3-317e-df69-53bb,Vargard Obyron [Legends],Xenos - Necrons,model,1,1,unmatched_unit,,,,,,,,,,,,,,,,
8386-4191-ac3a-aa28,Nemesor Zahndrekh [Legends],Xenos - Necrons,model,1,1,unmatched_unit,,,,,,,,,,,,,,,,
8005-b0eb-72ab-aed5,Lord [Legends],Xenos - Necrons,model,1,1,unmatched_unit,0.58,name similarity 0.50; token overlap 0.50; faction compatible,NECRONS,Lokhust Lord,,Large Flying Base,,,,,,,,,,
f868-afbc-9f6b-e4e9,Canoptek Tomb Stalker [Legends],Xenos - Necrons,model,1,1,unmatched_unit,0.80,name similarity 0.88; token overlap 0.25; faction compatible,NECRONS,Canoptek Doomstalker,,90mm,,,,,,,,,,
9519-5dbc-ab5-c720,Canoptek Tomb Sentinel [Legends],Xenos - Necrons,model,1,1,unmatched_unit,0.72,name similarity 0.68; token overlap 0.50; faction compatible,NECRONS,Canoptek Tomb Crawlers,,50mm,,,,,,,,,,
a7e1-5b53-1d89-e1e3,Canoptek Acanthrites [Legends],Xenos - Necrons,unit,3,6,unmatched_unit,0.74,name similarity 0.77; token overlap 0.33; faction compatible,NECRONS,Canoptek Macrocytes,,28.5mm,,,,,,,,,,
ef1-14e1-cf28-4701,Tesseract Ark [Legends],Xenos - Necrons,model,1,1,unmatched_unit,0.75,name similarity 0.79; token overlap 0.33; faction compatible,NECRONS,Tesseract Vault,,120x92mm Oval Base,,,,,,,,,,
b6b0-9a60-d2e4-7ef0,Gauss Pylon [Legends],Xenos - Necrons,model,1,1,unmatched_unit,,,,,,,,,,,,,,,,
37d1-5b3e-b4e6-f8ef,Sentry Pylon [Legends],Xenos - Necrons,model,1,1,unmatched_unit,,,,,,,,,,,,,,,,
e6d4-56e1-3bbd-475,Night Shroud [Legends],Xenos - Necrons,model,1,1,unmatched_unit,0.66,name similarity 0.67; token overlap 0.33; faction compatible,NECRONS,Night Scythe,,120x92mm Oval Base,,,,,,,,,,
be60-a5ae-6c7c-df47,Dynastic Conqueror [Crucible],Xenos - Necrons,model,1,1,unmatched_unit,,,,,,,,,,,,,,,,
e884-dd7a-a1cd-bad8,Hyperscientist [Crucible],Xenos - Necrons,model,1,1,unmatched_unit,,,,,,,,,,,,,,,,
50cd-aa29-f506-8ed1,Triarchal Overseer [Crucible],Xenos - Necrons,model,1,1,unmatched_unit,0.58,name similarity 0.67; token overlap 0.00; faction compatible,NECRONS,Triarch Stalker,,Hull,,,,,,,,,,
e1b6-48a1-2598-7cae,Big Mek with Kustom Force Field [Legends],Xenos - Orks,model,1,1,unmatched_unit,,,,,,,,,,,,,,,,
ec71-71e2-6601-31b8,Boss Zagstruk [Legends],Xenos - Orks,model,1,1,unmatched_unit,0.58,name similarity 0.56; token overlap 0.33; faction compatible,ORKS,Boss Snikrot,,40mm,,,,,,,,,,
ffa6-66d3-dfa5-557e,Kaptin Badrukk [Legends],Xenos - Orks,model,1,1,unmatched_unit,,,,,,,,,,,,,,,,
7d51-e2a3-aab6-f7de,Mad Dok Grotsnik [Legends],Xenos - Orks,model,1,1,unmatched_unit,,,,,,,,,,,,,,,,
e82a-232e-e43d-a061,Mek Gun w/ Smasha gun,Xenos - Orks,model,1,1,unmatched_unit,,,,,,,,,,,,,,,,
8aea-b460-9ad6-252d,Mek Gun w/ Bubblechukka,Xenos - Orks,model,1,1,unmatched_unit,,,,,,,,,,,,,,,,
ef50-eb48-bba3-d692,Mek Gun w/ Kustom mega-kannon,Xenos - Orks,model,1,1,unmatched_unit,,,,,,,,,,,,,,,,
c800-4c3a-de49-f05b,Mek Gun w/ Traktor kannon,Xenos - Orks,model,1,1,unmatched_unit,,,,,,,,,,,,,,,,
3b35-92f5-bd1a-af8d,Nob with Waaagh! Banner [Legends],Xenos - Orks,model,1,1,unmatched_unit,,,,,,,,,,,,,,,,
2ecf-280b-32e2-3189,Mekboy Workshop [Legends],Xenos - Orks,model,1,1,unmatched_unit,,,,,,,,,,,,,,,,
2d97-52db-2c1b-de5e,Grot Mega-Tank [Legends],Xenos - Orks,model,1,1,unmatched_unit,,,,,,,,,,,,,,,,
df63-56a0-92e1-6191,Squiggoth [Legends],Xenos - Orks,model,1,1,unmatched_unit,0.67,name similarity 0.62; token overlap 0.50; faction compatible,ORKS,Gargantuan Squiggoth,,Hull,,,,,,,,,,
b8fe-c7af-20fd-631d,Kill Tank [Legends],Xenos - Orks,model,1,1,unmatched_unit,0.63,name similarity 0.74; token overlap 0.00; faction compatible,ORKS,Killa Kans,,60mm,,,,,,,,,,
5c83-d9c7-5c58-8357,Mega Dread [Legends],Xenos - Orks,model,1,1,unmatched_unit,0.69,name similarity 0.70; token overlap 0.33; faction compatible,ORKS,Deff Dread,,60mm,,,,,,,,,,
121b-9fda-2ccb-e38c,Meka-Dread [Legends],Xenos - Orks,model,1,1,unmatched_unit,0.69,name similarity 0.70; token overlap 0.33; faction compatible,ORKS,Deff Dread,,60mm,,,,,,,,,,
609a-6ef1-a3e3-3baa,Big Trakk [Legends],Xenos - Orks,model,1,1,unmatched_unit,0.63,name similarity 0.62; token overlap 0.33; faction compatible,ORKS,Big Mek,,50mm,,,,,,,,,,
6aed-92bb-49d6-12da,Warboss on Warbike [Legends],Xenos - Orks,model,1,1,unmatched_unit,0.58,name similarity 0.56; token overlap 0.33; faction compatible,ORKS,Warboss,,40mm,,,,,,,,,,
47ad-4934-ea67-a2b0,Nobz on Warbikes [Legends],Xenos - Orks,unit,3,3,unmatched_unit,,,,,,,,,,,,,,,,
91c2-d40a-1f09-9e81,Kannonwagon [Legends],Xenos - Orks,model,1,1,unmatched_unit,,,,,,,,,,,,,,,,
a43d-27a9-7d83-42e4,Da Red Gobbo [Legends],Xenos - Orks,model,1,1,unmatched_unit,,,,,,,,,,,,,,,,
4852-225b-c426-c9b5,Painboy on Warbike [Legends],Xenos - Orks,model,1,1,unmatched_unit,0.58,name similarity 0.56; token overlap 0.33; faction compatible,ORKS,Painboy,,32mm,,,,,,,,,,
939f-63bc-4a63-4d93,Skorchas [Legends],Xenos - Orks,unit,1,2,unmatched_unit,,,,,,,,,,,,,,,,
9e51-a749-18ba-2ea4,Wartrakks [Legends],Xenos - Orks,unit,1,2,unmatched_unit,,,,,,,,,,,,,,,,
e969-cbc8-60a6-affb,Warbuggies [Legends],Xenos - Orks,unit,1,2,unmatched_unit,0.63,name similarity 0.74; token overlap 0.00; faction compatible,ORKS,Warbikers,,75x42mm Oval Base,,,,,,,,,,
7eb0-5bc7-24c-6cb4,Big Gunz [Legends],Xenos - Orks,unit,1,2,unmatched_unit,0.63,name similarity 0.62; token overlap 0.33; faction compatible,ORKS,Mek Gunz,,Hull,,,,,,,,,,
145f-7113-8466-d544,Big Gunz w/ Kannon,Xenos - Orks,model,1,1,unmatched_unit,,,,,,,,,,,,,,,,
14e1-a15e-e987-5c3c,Big Gunz w/ Lobba,Xenos - Orks,model,1,1,unmatched_unit,,,,,,,,,,,,,,,,
565b-5d57-1578-36bb,Big Gunz w/ Zzap gun,Xenos - Orks,model,1,1,unmatched_unit,,,,,,,,,,,,,,,,
51a5-6c92-806e-57d6,Deffkoptas with Big Shootas [Legends],Xenos - Orks,unit,3,3,unmatched_unit,0.63,name similarity 0.62; token overlap 0.33; faction compatible,ORKS,Deffkoptas,,75x42mm Oval Base,,,,,,,,,,
3444-a152-c9e6-31aa,Kill Krusha [Legends],Xenos - Orks,model,1,1,unmatched_unit,0.64,name similarity 0.63; token overlap 0.33; faction compatible,ORKS,Kill Rig,,170x109mm Oval Base,,,,,,,,,,
8c96-c1f0-63ff-d6a9,Deff Rolla Battle Fortress [Legends],Xenos - Orks,model,1,1,unmatched_unit,,,,,,,,,,,,,,,,
f6cb-323b-3c25-75f7,Chinork Warkopta [Legends],Xenos - Orks,model,1,1,unmatched_unit,,,,,,,,,,,,,,,,
dd02-c92c-fb0a-54ec,Fighta-Bommer [Legends],Xenos - Orks,model,1,1,unmatched_unit,0.74,name similarity 0.77; token overlap 0.33; faction compatible,ORKS,Blitza-bommer,,120x92mm Oval Base,,,,,,,,,,
4229-83f0-b03b-bd44,Attack Fighta [Legends],Xenos - Orks,model,1,1,unmatched_unit,,,,,,,,,,,,,,,,
afab-635c-23c5-cacc,Lifta Wagon [Legends],Xenos - Orks,model,1,1,unmatched_unit,,,,,,,,,,,,,,,,
410e-7847-bcfc-1b62,Grot Bomm Launcha [Legends],Xenos - Orks,model,1,1,unmatched_unit,,,,,,,,,,,,,,,,
8b2-ca6b-b00c-d64c,Big Mek on Warbike [Legends],Xenos - Orks,model,1,1,unmatched_unit,0.62,name similarity 0.56; token overlap 0.50; faction compatible,ORKS,Big Mek,,50mm,,,,,,,,,,
3e53-68fa-a7b4-d6c6,Grotmas Gitz [Legends],Xenos - Orks,model,1,1,unmatched_unit,0.64,name similarity 0.64; token overlap 0.33; faction compatible,ORKS,Flash Gitz,,40mm,,,,,,,,,,
21c1-62d6-9682-4fb6,Ufthak Blackhawk [Legends],Xenos - Orks,model,1,1,unmatched_unit,,,,,,,,,,,,,,,,
6610-3cb7-dc72-8852,Da Red Gobbo's A-bomb-inable Snowman [Legends],Xenos - Orks,model,1,1,unmatched_unit,,,,,,,,,,,,,,,,
070f-5f7f-2cab-6ee6,Da Red Gobbo's Tinboy [Legends],Xenos - Orks,model,1,1,unmatched_unit,,,,,,,,,,,,,,,,
2ba9-e97a-909d-3ac5,Hordeboss [Crucible],Xenos - Orks,model,1,1,unmatched_unit,,,,,,,,,,,,,,,,
54de-2004-bbc1-3ac6,Warphead [Crucible],Xenos - Orks,model,1,1,unmatched_unit,,,,,,,,,,,,,,,,
6a69-8e75-49ae-408f,Upstart Gretchin [Crucible],Xenos - Orks,model,1,1,unmatched_unit,0.70,name similarity 0.67; token overlap 0.50; faction compatible,ORKS,Gretchin,,25mm,,,,,,,,,,
2ab7-ab71-0af4-5d39,Wazdakka Gutsmek,Xenos - Orks,model,1,1,unmatched_unit,,,,,,,,,,,,,,,,
6de0-279f-b471-65ca,Commander in Crisis Battlesuit [Legends],Xenos - T'au Empire,model,1,1,unmatched_unit,0.86,name similarity 0.84; token overlap 0.60; faction compatible,T’AU EMPIRE,Commander in Enforcer Battlesuit,,60mm,,,,,,,,,,
2582-676d-fc9f-c146,Aun'va [Legends],Xenos - T'au Empire,unit,3,3,unmatched_unit,,,,,,,,,,,,,,,,
8407-585b-76d2-72f3,Aun'shi [Legends],Xenos - T'au Empire,model,1,1,unmatched_unit,,,,,,,,,,,,,,,,
5bf-16e5-d77b-ea7d,Longstrike [Legends],Xenos - T'au Empire,model,1,1,unmatched_unit,,,,,,,,,,,,,,,,
de16-2476-9749-b603,Crisis Battlesuits [Legends],Xenos - T'au Empire,unit,2,5,unmatched_unit,0.83,name similarity 0.78; token overlap 0.67; faction compatible,T’AU EMPIRE,Crisis Fireknife Battlesuits,,50mm,,,,,,,,,,
f98a-5aa8-9305-2ed,Tactical Drones [Legends],Xenos - T'au Empire,unit,4,12,unmatched_unit,,,,,,,,,,,,,,,,
b146-daf1-9b8b-6de9,R'varna Battlesuit [Legends],Xenos - T'au Empire,model,1,1,unmatched_unit,0.68,name similarity 0.69; token overlap 0.33; faction compatible,T’AU EMPIRE,Riptide Battlesuit,,120x92mm Oval Base,,,,,,,,,,
8013-c4e0-166e-a961,Y'vahra Battlesuit [Legends],Xenos - T'au Empire,model,1,1,unmatched_unit,0.68,name similarity 0.69; token overlap 0.33; faction compatible,T’AU EMPIRE,Riptide Battlesuit,,120x92mm Oval Base,,,,,,,,,,
388f-478b-18f5-aee7,Tetras [Legends],Xenos - T'au Empire,unit,2,4,unmatched_unit,,,,,,,,,,,,,,,,
f499-f326-8e40-9c8b,Remora Stealth Drones [Legends],Xenos - T'au Empire,unit,2,2,unmatched_unit,,,,,,,,,,,,,,,,
a422-6066-1c3a-f021,Barracuda [Legends],Xenos - T'au Empire,model,1,1,unmatched_unit,,,,,,,,,,,,,,,,
49c0-f84c-18c4-6377,Orca Dropship [Legends],Xenos - T'au Empire,model,1,1,unmatched_unit,,,,,,,,,,,,,,,,
f260-c746-b662-cc6c,Heavy Gun Drones [Legends],Xenos - T'au Empire,unit,2,2,unmatched_unit,,,,,,,,,,,,,,,,
a5d9-e739-52b8-731f,Great Knarloc [Legends],Xenos - T'au Empire,model,1,1,unmatched_unit,,,,,,,,,,,,,,,,
934d-30ac-34a3-f113,TX42 Piranha [Legends],Xenos - T'au Empire,model,1,1,unmatched_unit,0.60,name similarity 0.70; token overlap 0.00; faction compatible,T’AU EMPIRE,Piranhas,,Large Flying Base,,,,,,,,,,
f4b8-7132-6738-547c,Knarloc Riders [Legends],Xenos - T'au Empire,unit,3,3,unmatched_unit,0.70,name similarity 0.71; token overlap 0.33; faction compatible,T’AU EMPIRE,Krootox Riders,,50mm,,,,,,,,,,
96d6-a7f6-cbf-a4c0,Shas'o R'alai [Legends],Xenos - T'au Empire,model,1,1,unmatched_unit,,,,,,,,,,,,,,,,
9b21-52b7-6d8b-3e51,XV9 Hazard Battlesuits [Legends],Xenos - T'au Empire,unit,1,2,unmatched_unit,0.63,name similarity 0.65; token overlap 0.25; faction compatible,T’AU EMPIRE,Broadside Battlesuits,,60mm,,,,,,,,,,
9a6b-c7be-b8fd-28,XV9 Hazard Battlesuit,Xenos - T'au Empire,model,1,1,unmatched_unit,0.64,name similarity 0.67; token overlap 0.25; faction compatible,T’AU EMPIRE,Riptide Battlesuit,,120x92mm Oval Base,,,,,,,,,,
124e-3391-b646-9777,Remote Sensor Tower [Legends],Xenos - T'au Empire,model,1,1,unmatched_unit,,,,,,,,,,,,,,,,
e73d-cdcf-213d-c7eb,Drone Sentry Turret [Legends],Xenos - T'au Empire,model,1,1,unmatched_unit,,,,,,,,,,,,,,,,
2e61-8399-60bf-1c85,Shas'nel [Crucible],Xenos - T'au Empire,model,1,1,unmatched_unit,,,,,,,,,,,,,,,,
ed9c-6a08-c915-c757,Battlesuit Veteran [Crucible],Xenos - T'au Empire,model,1,1,unmatched_unit,0.58,name similarity 0.56; token overlap 0.33; faction compatible,T’AU EMPIRE,Riptide Battlesuit,,120x92mm Oval Base,,,,,,,,,,
86c3-1150-ef4d-d870,Kinband Champion [Crucible],Xenos - T'au Empire,model,1,1,unmatched_unit,,,,,,,,,,,,,,,,
6623-c2cb-6705-580b,The Twin Lance,Xenos - T'au Empire,unit,2,2,unmatched_unit,,,,,,,,,,,,,,,,
92a2-7511-1173-a696,Carnifex,Xenos - Tyranids,model,1,1,unmatched_unit,0.75,name similarity 0.89; token overlap 0.00; faction compatible,TYRANIDS,Carnifexes,,105x70mm Oval Base,,,,,,,,,,
afd0-a0ca-68c3-d912,Barbed Hierodule [Legends],Xenos - Tyranids,model,1,1,unmatched_unit,,,,,,,,,,,,,,,,
218c-639e-22e0-59ce,Scythed Hierodule [Legends],Xenos - Tyranids,model,1,1,unmatched_unit,,,,,,,,,,,,,,,,
78ca-3743-c254-4404,Dimachaeron [Legends],Xenos - Tyranids,model,1,1,unmatched_unit,,,,,,,,,,,,,,,,
f46f-9d2b-1f97-aaf6,Sky-slasher Swarms [Legends],Xenos - Tyranids,unit,3,3,unmatched_unit,0.58,name similarity 0.58; token overlap 0.25; faction compatible,TYRANIDS,Ripper Swarms,,40mm,,,,,,,,,,
c17f-f55f-a3cb-530b,Malanthrope [Legends],Xenos - Tyranids,model,1,1,unmatched_unit,0.63,name similarity 0.73; token overlap 0.00; faction compatible,TYRANIDS,Zoanthropes,,40mm,,,,,,,,,,
31f9-9730-853c-6f13,Tyranid Prime with Lash Whip,Xenos - Tyranids,model,1,1,unmatched_unit,0.63,name similarity 0.60; token overlap 0.40; faction compatible,TYRANIDS,Winged Tyranid Prime,,50mm,,,,,,,,,,
e85b-17c7-1ad9-8375,Ambull [Legends],Unaligned Forces,model,1,1,unmatched_unit,,,,,,,,,,,,,,,,
5b1d-134a-9996-b634,Aegis Defence Line with Weapon Emplacement [Legends],Unaligned Forces,model,1,1,unmatched_unit,0.64,name similarity 0.65; token overlap 0.60,ASTRA MILITARUM,Aegis Defence Line,,Hull,,,,,,,,,,
5134-5fe9-e489-43c4,Bastion [Legends],Unaligned Forces,model,1,1,unmatched_unit,,,,,,,,,,,,,,,,
71b0-77b9-522c-17d6,Firestorm Redoubt [Legends],Unaligned Forces,model,1,1,unmatched_unit,,,,,,,,,,,,,,,,
c4d1-c85a-a20e-6c94,Fortress of Redemption [Legends],Unaligned Forces,model,1,1,unmatched_unit,,,,,,,,,,,,,,,,
e3ba-7f87-c32-229,Guardian Drone [Legends],Unaligned Forces,model,1,1,unmatched_unit,0.60,name similarity 0.69; token overlap 0.33,AELDARI,Guardian Defenders,,28.5mm,,,,,,,,,,
3b75-e314-ecd5-cd63,Macro-cannon Aquila Strongpoint [Legends],Unaligned Forces,model,1,1,unmatched_unit,,,,,,,,,,,,,,,,
cabe-2c66-c8b6-de6c,Plasma Obliterator [Legends],Unaligned Forces,model,1,1,unmatched_unit,,,,,,,,,,,,,,,,
f39-fc54-f95a-8395,Primaris Redoubt [Legends],Unaligned Forces,model,1,1,unmatched_unit,0.57,name similarity 0.65; token overlap 0.33,ASTRA MILITARUM,Primaris Psyker,,32mm,,,,,,,,,,
54c-8b9f-b1d8-93c3,Skyshield Landing Pad [Legends],Unaligned Forces,model,1,1,unmatched_unit,,,,,,,,,,,,,,,,
da76-e18f-523e-d45a,Spindle Drones [Legends],Unaligned Forces,unit,4,4,unmatched_unit,0.64,name similarity 0.74; token overlap 0.33,CHAOS DAEMONS,Plague Drones,,Large Flying Base,,,,,,,,,,
11b2-8348-ae67-fa98,The Archivist [Legends],Unaligned Forces,model,1,1,unmatched_unit,,,,,,,,,,,,,,,,
14fe-18ed-9c25-189c,Vengeance Weapon Battery [Legends],Unaligned Forces,model,1,1,unmatched_unit,,,,,,,,,,,,,,,,
4501-646d-e705-9dca,Void Shield Generator [Legends],Unaligned Forces,model,1,1,unmatched_unit,,,,,,,,,,,,,,,,
5c81-92c5-e20b-edf1,Vortex Missile Strongpoint [Legends],Unaligned Forces,model,1,1,unmatched_unit,,,,,,,,,,,,,,,,
9698-2e0-15ac-1193,Wall of Martyrs Bunker [Legends],Unaligned Forces,model,1,1,unmatched_unit,,,,,,,,,,,,,,,,
8419-8133-33f3-e0a4,Wall of Martyrs Defence Emplacement [Legends],Unaligned Forces,model,1,1,unmatched_unit,,,,,,,,,,,,,,,,
64b7-a2df-416a-9963,Wall of Martyrs Defence Line [Legends],Unaligned Forces,model,1,1,unmatched_unit,0.57,name similarity 0.65; token overlap 0.33,ASTRA MILITARUM,Aegis Defence Line,,Hull,,,,,,,,,,
f6f8-8759-3282-2ab,Imperial Fortress Walls [Legends],Unaligned Forces,model,1,1,unmatched_unit,,,,,,,,,,,,,,,,
20c8-d2-586d-623,Castellum Stronghold [Legends],Unaligned Forces,model,1,1,unmatched_unit,,,,,,,,,,,,,,,,
983d-b163-dc9f-3c54,Sentry Gun,Unaligned Forces,model,1,1,unmatched_unit,,,,,,,,,,,,,,,,
a5c2-3951-e727-b64a,Breaching Robot,Unaligned Forces,model,1,1,unmatched_unit,,,,,,,,,,,,,,,,
