unit_name,variant_count,unit_id,source_file,faction,selection_type,points,models_min,models_max,toughness,save,wounds
Ancient,2,6562-d718-b8e0-c457,Imperium - Space Marines.cat,Imperium - Adeptus Astartes - Space Marines,model,25,1,1,4,3+,4
Ancient,2,f26a-2b25-1582-ae68,Imperium - Space Marines.cat,Imperium - Adeptus Astartes - Space Marines,model,,1,1,4,3+,4
Antor Delassio,2,16d6-b842-a1d1-2d77,Imperium - Deathwatch.cat,Imperium - Adeptus Astartes - Deathwatch,model,,1,1,4,3+,2
Antor Delassio,2,1f50-d117-0420-b3ab,Imperium - Agents of the Imperium.cat,Imperium - Agents of the Imperium,model,,1,1,4,3+,2
Apothecary,2,8a9d-11f-fad-bd0f,Imperium - Space Marines.cat,Imperium - Adeptus Astartes - Space Marines,model,25,1,1,4,3+,4
Apothecary,2,db85-c6c5-42a8-378b,Imperium - Space Marines.cat,Imperium - Adeptus Astartes - Space Marines,model,,1,1,4,3+,3
Aspiring Sorcerer,2,26a6-2c1a-4fe3-dce4,Chaos - Chaos Space Marines.cat,Chaos - Chaos Space Marines,model,0,1,1,4,3+,3
Aspiring Sorcerer,2,a453-2220-cdf7-ef10,Chaos - Thousand Sons.cat,Chaos - Thousand Sons,model,,1,1,4,3+,3
Attack Bike,2,332e-608d-ea45-d78c,Imperium - Space Marines.cat,Imperium - Adeptus Astartes - Space Marines,model,55,1,1,5,3+,5
Attack Bike,2,a266-8dbe-3546-e001,Imperium - Space Marines.cat,Imperium - Adeptus Astartes - Space Marines,model,55,1,1,5,3+,5
Beasts of Nurgle,2,2de0-5897-f724-a592,Chaos - Chaos Daemons Library.cat,Chaos - Daemons Library,unit,0,1,2,9,6+,7
Beasts of Nurgle,2,5f38-3bbb-ce09-485b,Chaos - Death Guard.cat,Chaos - Death Guard,unit,0,1,2,9,6+,7
Bloodcrushers,2,2f31-9132-b703-5fd8,Chaos - Chaos Daemons Library.cat,Chaos - Daemons Library,unit,110,3,6,7,3+,4
Bloodcrushers,2,e65f-c7c7-1d18-1a60,Chaos - World Eaters.cat,Chaos - World Eaters,unit,110,3,6,7,3+,4
Bloodletters,2,4ecc-6aa5-da28-2c57,Chaos - Chaos Daemons Library.cat,Chaos - Daemons Library,unit,110,10,10,4,7+,1
Bloodletters,2,9188-4709-00ba-e5e0,Chaos - World Eaters.cat,Chaos - World Eaters,unit,90,10,10,4,7+,1
Bloodthirster,2,a018-ca33-afd0-be83,Chaos - Chaos Daemons Library.cat,Chaos - Daemons Library,model,25,1,1,11,3+,18
Bloodthirster,2,4ad2-bd20-6dfe-776b,Chaos - World Eaters.cat,Chaos - World Eaters,model,5,1,1,11,3+,18
Blue Horror,2,b506-5bce-64c6-51b0,Chaos - Chaos Daemons Library.cat,Chaos - Daemons Library,model,0,1,1,3,7+,1
Blue Horror,2,a7db-5a37-4495-4ed1,Chaos - Thousand Sons.cat,Chaos - Thousand Sons,model,0,1,1,3,7+,1
Blue Horrors,2,b795-b936-ad61-e407,Chaos - Chaos Daemons Library.cat,Chaos - Daemons Library,unit,125,10,10,3,7+,1
Blue Horrors,2,aec5-4419-39e7-3e63,Chaos - Thousand Sons.cat,Chaos - Thousand Sons,unit,90,10,10,3,7+,1
Boss Nob,4,4660-3a1-f9f9-1a2b,Orks.cat,Xenos - Orks,model,,1,1,5,5+,2
Boss Nob,4,50fb-8b6d-ab70-7c2,Orks.cat,Xenos - Orks,model,,1,1,5,5+,2
Boss Nob,4,5536-33c7-b42c-9922,Orks.cat,Xenos - Orks,model,,1,1,5,5+,2
Boss Nob,4,cdd4-c8f7-bc72-9af0,Orks.cat,Xenos - Orks,model,,1,1,5,4+,2
Brôkhyr Iron-master,2,8834-b1d1-02b8-b4c1,Leagues of Votann.cat,Xenos - Leagues of Votann,model,25,1,1,5,4+,4
Brôkhyr Iron-master,2,8f33-5601-3707-78f4,Leagues of Votann.cat,Xenos - Leagues of Votann,unit,75,1,1,5,4+,4
Canis Rex,2,55fb-9c91-1a4f-3037,Imperium - Imperial Knights - Library.cat,Imperium - Imperial Knights - Library,unit,415,2,2,11,3+,26
Canis Rex,2,84c0-f59d-901a-e94f,Imperium - Imperial Knights - Library.cat,Imperium - Imperial Knights - Library,model,,1,1,11,3+,26
Chaos Land Raider,5,6de7-36d5-6015-7a51,Chaos - Chaos Space Marines.cat,Chaos - Chaos Space Marines,model,0,1,1,12,2+,16
Chaos Land Raider,5,89d-b0c0-6e19-f017,Chaos - Death Guard.cat,Chaos - Death Guard,model,220,1,1,12,2+,16
Chaos Land Raider,5,f10c-5f3e-c09d-0b12,Chaos - Emperor's Children.cat,Chaos - Emperor's Children,model,0,1,1,12,2+,16
Chaos Land Raider,5,dfde-eaff-e63e-3aae,Chaos - Thousand Sons.cat,Chaos - Thousand Sons,model,0,1,1,12,2+,16
Chaos Land Raider,5,4251-bd4f-f7ac-9487,Chaos - World Eaters.cat,Chaos - World Eaters,model,0,1,1,12,2+,16
Chaos Lord on Disc of Tzeentch [Legends],2,7456-b122-14c3-eca9,Chaos - Chaos Space Marines.cat,Chaos - Chaos Space Marines,model,0,1,1,4,3+,6
Chaos Lord on Disc of Tzeentch [Legends],2,dc89-ef5-e91d-b155,Chaos - Thousand Sons.cat,Chaos - Thousand Sons,model,0,1,1,4,3+,6
Chaos Lord on Palanquin of Nurgle [Legends],2,2af2-8812-7aa9-3db7,Chaos - Chaos Space Marines.cat,Chaos - Chaos Space Marines,model,0,1,1,5,3+,8
Chaos Lord on Palanquin of Nurgle [Legends],2,1d25-87a1-2d17-5d02,Chaos - Death Guard.cat,Chaos - Death Guard,model,20,1,1,5,3+,8
Chaos Predator Annihilator,4,279e-62d4-bff1-141,Chaos - Chaos Space Marines.cat,Chaos - Chaos Space Marines,model,0,1,1,10,3+,11
Chaos Predator Annihilator,4,9b58-210d-c12f-4d46,Chaos - Death Guard.cat,Chaos - Death Guard,model,135,1,1,10,3+,11
Chaos Predator Annihilator,4,a619-beee-4bde-d049,Chaos - Thousand Sons.cat,Chaos - Thousand Sons,model,0,1,1,10,3+,11
Chaos Predator Annihilator,4,497c-f787-5a7e-1020,Chaos - World Eaters.cat,Chaos - World Eaters,model,0,1,1,10,3+,11
Chaos Predator Destructor,4,3dfb-3b2a-94b-2fbe,Chaos - Chaos Space Marines.cat,Chaos - Chaos Space Marines,model,0,1,1,10,3+,11
Chaos Predator Destructor,4,ab4e-466d-e9e8-89d5,Chaos - Death Guard.cat,Chaos - Death Guard,model,145,1,1,10,3+,11
Chaos Predator Destructor,4,4819-dbbe-8547-4e23,Chaos - Thousand Sons.cat,Chaos - Thousand Sons,model,0,1,1,10,3+,11
Chaos Predator Destructor,4,04a0-269e-3bab-2c61,Chaos - World Eaters.cat,Chaos - World Eaters,model,0,1,1,10,3+,11
Chaos Rhino,5,e981-27ae-112f-aa9a,Chaos - Chaos Space Marines.cat,Chaos - Chaos Space Marines,model,0,1,1,9,3+,10
Chaos Rhino,5,b899-92e2-693a-975f,Chaos - Death Guard.cat,Chaos - Death Guard,model,85,1,1,9,3+,10
Chaos Rhino,5,8ae1-aa47-e1d1-1b31,Chaos - Emperor's Children.cat,Chaos - Emperor's Children,model,0,1,1,9,3+,10
Chaos Rhino,5,8d9b-b949-2557-dcc4,Chaos - Thousand Sons.cat,Chaos - Thousand Sons,model,0,1,1,9,3+,10
Chaos Rhino,5,e849-ce40-ee43-7623,Chaos - World Eaters.cat,Chaos - World Eaters,model,0,1,1,9,3+,10
Chaos Spawn,6,7263-70e5-b424-61eb,Chaos - Chaos Space Marines.cat,Chaos - Chaos Space Marines,unit,70,2,2,5,4+,4
Chaos Spawn,6,1d85-475f-5ab-9823,Chaos - Death Guard.cat,Chaos - Death Guard,unit,80,2,2,7,4+,4
Chaos Spawn,6,896c-5816-3abd-5199,Chaos - Emperor's Children.cat,Chaos - Emperor's Children,unit,70,2,2,5,4+,4
Chaos Spawn,6,60de-4c77-95e1-1337,Chaos - Thousand Sons.cat,Chaos - Thousand Sons,unit,65,2,2,5,4+,4
Chaos Spawn,6,7502-b778-b920-3f68,Chaos - Thousand Sons.cat,Chaos - Thousand Sons,model,0,1,1,5,4+,4
Chaos Spawn,6,edde-57bf-bccc-d8b2,Chaos - World Eaters.cat,Chaos - World Eaters,unit,90,2,2,5,4+,4
Chaos Terminators,2,5926-4deb-a85d-c73a,Chaos - Emperor's Children.cat,Chaos - Emperor's Children,unit,145,5,5,5,2+,3
Chaos Terminators,2,45f6-8429-a1d9-2a51,Chaos - World Eaters.cat,Chaos - World Eaters,unit,175,5,10,5,2+,3
Chaos Vindicator,2,e687-6d7a-bb28-dcaa,Chaos - Chaos Space Marines.cat,Chaos - Chaos Space Marines,model,0,1,1,11,2+,11
Chaos Vindicator,2,3413-b8fd-e22c-da4f,Chaos - Thousand Sons.cat,Chaos - Thousand Sons,model,0,1,1,11,2+,11
Chaplain Cassius,2,92eb-83bc-dcff-9386,Imperium - Deathwatch.cat,Imperium - Adeptus Astartes - Deathwatch,model,,1,1,4,3+,4
Chaplain Cassius,2,63ec-4fea-e4a7-9509,Imperium - Agents of the Imperium.cat,Imperium - Agents of the Imperium,model,,1,1,4,3+,4
Company Ancient,2,7757-dab5-4f1f-d11e,Imperium - Space Marines.cat,Imperium - Adeptus Astartes - Space Marines,model,,1,1,4,3+,3
Company Ancient,2,e564-61b6-32d3-b64,Imperium - Ultramarines.cat,Imperium - Adeptus Astartes - Ultramarines,model,,1,1,4,2+,2
Company Champion,3,2c78-106f-a2c9-23c9,Imperium - Space Marines.cat,Imperium - Adeptus Astartes - Space Marines,model,,1,1,4,3+,3
Company Champion,3,b365-b786-8fe6-1293,Imperium - Space Marines.cat,Imperium - Adeptus Astartes - Space Marines,model,,1,1,4,3+,4
Company Champion,3,7644-5e19-93bc-8df9,Imperium - Ultramarines.cat,Imperium - Adeptus Astartes - Ultramarines,model,,1,1,4,2+,2
Corvus Blackstar,2,d861-972b-54f9-bdfa,Imperium - Deathwatch.cat,Imperium - Adeptus Astartes - Deathwatch,model,180,1,1,10,3+,14
Corvus Blackstar,2,8b98-0ac7-a0ba-dedf,Imperium - Agents of the Imperium.cat,Imperium - Agents of the Imperium,model,180,1,1,10,3+,14
Cronos,2,a5d3-e21b-bf13-a952,Aeldari - Aeldari Library.cat,Aeldari - Aeldari Library,unit,55,1,2,7,3+,7
Cronos,2,f79-710f-8626-e3a8,Aeldari - Aeldari Library.cat,Aeldari - Aeldari Library,model,,1,1,7,3+,7
Daemonettes,2,41c2-d2e6-ae43-3beb,Chaos - Chaos Daemons Library.cat,Chaos - Daemons Library,unit,100,10,10,3,7+,1
Daemonettes,2,06f6-b870-4e43-4ed9,Chaos - Emperor's Children.cat,Chaos - Emperor's Children,unit,90,10,10,3,7+,1
Dark Apostle,2,43e-3bc2-f47f-f614,Chaos - Chaos Space Marines.cat,Chaos - Chaos Space Marines,model,15,1,1,4,3+,4
Dark Apostle,2,d2b8-454a-d061-b592,Chaos - Chaos Space Marines.cat,Chaos - Chaos Space Marines,unit,65,3,3,4,3+,4
Deathwatch Terminator,2,45fa-9a7-8352-362e,Imperium - Deathwatch.cat,Imperium - Adeptus Astartes - Deathwatch,model,,1,1,5,2+,3
Deathwatch Terminator,2,84c2-9a90-eefd-881b,Imperium - Agents of the Imperium.cat,Imperium - Agents of the Imperium,model,,1,1,5,2+,3
Deathwatch Terminator Sergeant,2,4595-7ad2-617a-c07d,Imperium - Deathwatch.cat,Imperium - Adeptus Astartes - Deathwatch,model,,1,1,5,2+,3
Deathwatch Terminator Sergeant,2,f689-b401-b6c6-3e62,Imperium - Agents of the Imperium.cat,Imperium - Agents of the Imperium,model,,1,1,5,2+,3
Deathwatch Terminator w/ Heavy Weapon,2,259f-d98e-e052-ec64,Imperium - Deathwatch.cat,Imperium - Adeptus Astartes - Deathwatch,model,,1,1,5,2+,3
Deathwatch Terminator w/ Heavy Weapon,2,19a3-fdf1-1d30-6ba2,Imperium - Agents of the Imperium.cat,Imperium - Agents of the Imperium,model,,1,1,5,2+,3
Deathwatch Veteran w/ carbine,2,8778-e3cb-2c6f-b23d,Imperium - Deathwatch.cat,Imperium - Adeptus Astartes - Deathwatch,model,,1,1,4,3+,2
Deathwatch Veteran w/ carbine,2,050d-797a-bb9a-2e8b,Imperium - Agents of the Imperium.cat,Imperium - Agents of the Imperium,model,,1,1,4,3+,2
Deathwatch Veteran w/ heavy thunder hammer,2,2537-956c-98c0-bffb,Imperium - Deathwatch.cat,Imperium - Adeptus Astartes - Deathwatch,model,,1,1,4,3+,2
Deathwatch Veteran w/ heavy thunder hammer,2,df47-6883-78e7-d725,Imperium - Agents of the Imperium.cat,Imperium - Agents of the Imperium,model,,1,1,4,3+,2
Deathwatch Veteran w/ stalker bolt rifle,2,9ae9-4f7e-a148-cbfa,Imperium - Deathwatch.cat,Imperium - Adeptus Astartes - Deathwatch,model,,1,1,4,3+,2
Deathwatch Veteran w/ stalker bolt rifle,2,3435-d900-05e9-19e6,Imperium - Agents of the Imperium.cat,Imperium - Agents of the Imperium,model,,1,1,4,3+,2
Deathwing Terminator w/ Chainfist,2,c0d3-2410-24e2-ca36,Imperium - Dark Angels.cat,Imperium - Adeptus Astartes - Dark Angels,model,,1,1,5,2+,3
Deathwing Terminator w/ Chainfist,2,ffc1-7bdd-dcf-ed1d,Imperium - Dark Angels.cat,Imperium - Adeptus Astartes - Dark Angels,model,,1,1,5,2+,3
Deathwing Terminator w/ Heavy Weapon,2,5e6d-5b97-f4b5-7cd9,Imperium - Dark Angels.cat,Imperium - Adeptus Astartes - Dark Angels,model,,1,1,5,2+,3
Deathwing Terminator w/ Heavy Weapon,2,e071-2ee4-6341-a477,Imperium - Dark Angels.cat,Imperium - Adeptus Astartes - Dark Angels,model,,1,1,5,2+,3
Defiler,5,29f9-fc47-787e-d9d3,Chaos - Chaos Space Marines.cat,Chaos - Chaos Space Marines,model,0,1,1,11,3+,18
Defiler,5,bc88-0833-743e-0146,Chaos - Death Guard.cat,Chaos - Death Guard,model,0,1,1,11,3+,18
Defiler,5,b541-3292-a5cc-dbeb,Chaos - Emperor's Children.cat,Chaos - Emperor's Children,model,0,1,1,11,3+,18
Defiler,5,f158-2979-c38b-65b5,Chaos - Thousand Sons.cat,Chaos - Thousand Sons,model,0,1,1,11,3+,18
Defiler,5,ea51-5575-9e74-9346,Chaos - World Eaters.cat,Chaos - World Eaters,model,0,1,1,11,3+,18
Disharmonist,2,d37b-2617-a8e8-23f5,Chaos - Chaos Space Marines.cat,Chaos - Chaos Space Marines,model,0,1,1,5,3+,2
Disharmonist,2,19aa-1a3e-7140-3052,Chaos - Emperor's Children.cat,Chaos - Emperor's Children,model,0,1,1,5,3+,2
Drenn Redblade,2,b42a-2552-4350-e1d1,Imperium - Deathwatch.cat,Imperium - Adeptus Astartes - Deathwatch,model,,1,1,4,3+,2
Drenn Redblade,2,de4b-8fc8-d844-1bf9,Imperium - Agents of the Imperium.cat,Imperium - Agents of the Imperium,model,,1,1,4,3+,2
Edryc Setorax,2,9636-f9b-1bbf-14b9,Imperium - Deathwatch.cat,Imperium - Adeptus Astartes - Deathwatch,model,,1,1,4,3+,2
Edryc Setorax,2,e774-67b3-9849-ce50,Imperium - Agents of the Imperium.cat,Imperium - Agents of the Imperium,model,,1,1,4,3+,2
Einhyr Hearthguard,2,09d3-6357-7888-00d9,Leagues of Votann.cat,Xenos - Leagues of Votann,unit,135,5,10,5,2+,2
Einhyr Hearthguard,2,ea2c-e140-de98-d555,Leagues of Votann.cat,Xenos - Leagues of Votann,model,0,1,1,5,2+,2
Ennox Sorrlock,2,3722-72d6-5151-5003,Imperium - Deathwatch.cat,Imperium - Adeptus Astartes - Deathwatch,model,,1,1,4,3+,2
Ennox Sorrlock,2,3f1d-c4d4-031c-57c6,Imperium - Agents of the Imperium.cat,Imperium - Agents of the Imperium,model,,1,1,4,3+,2
Fabius Bile,2,9ddb-d7c2-e120-9b1d,Chaos - Chaos Space Marines.cat,Chaos - Chaos Space Marines,model,0,1,1,4,3+,5
Fabius Bile,2,cd9c-96e7-6dcb-bedf,Chaos - Chaos Space Marines.cat,Chaos - Chaos Space Marines,unit,100,2,2,4,3+,5
Fiends,4,32a6-181f-de05-f37a,Chaos - Chaos Daemons Library.cat,Chaos - Daemons Library,model,0,1,1,5,7+,4
Fiends,4,d1ee-8d05-4fae-1727,Chaos - Chaos Daemons Library.cat,Chaos - Daemons Library,unit,95,3,6,5,7+,4
Fiends,4,c2ca-f754-cc05-0743,Chaos - Emperor's Children.cat,Chaos - Emperor's Children,unit,95,3,6,5,7+,4
Fiends,4,fcca-941b-5da4-f7ae,Chaos - Emperor's Children.cat,Chaos - Emperor's Children,model,0,1,1,5,7+,4
Flamers,2,5f23-4d6-f2f9-5973,Chaos - Chaos Daemons Library.cat,Chaos - Daemons Library,unit,65,3,6,4,7+,3
Flamers,2,694f-a205-b260-783c,Chaos - Thousand Sons.cat,Chaos - Thousand Sons,unit,65,3,6,4,7+,3
Flesh Hounds,2,fd31-64a2-b20f-f0bc,Chaos - Chaos Daemons Library.cat,Chaos - Daemons Library,unit,75,5,10,4,7+,2
Flesh Hounds,2,b657-1743-6e3a-0838,Chaos - World Eaters.cat,Chaos - World Eaters,unit,75,5,10,4,7+,2
Forgefiend,3,45b-19f6-38d2-703f,Chaos - Chaos Space Marines.cat,Chaos - Chaos Space Marines,model,0,1,1,10,3+,12
Forgefiend,3,d2f1-7a0b-f7cd-9b46,Chaos - Thousand Sons.cat,Chaos - Thousand Sons,model,0,1,1,10,3+,12
Forgefiend,3,81e1-b212-69c1-308f,Chaos - World Eaters.cat,Chaos - World Eaters,model,0,1,1,10,3+,12
Gargoyles,2,28f8-9249-bb94-4e30,Library - Tyranids.cat,Library - Tyranids,model,,1,1,3,6+,1
Gargoyles,2,9ce8-7a63-15c3-0347,Library - Tyranids.cat,Library - Tyranids,unit,85,10,20,3,6+,1
Garran Branatar,2,7e27-9914-e88-5858,Imperium - Deathwatch.cat,Imperium - Adeptus Astartes - Deathwatch,model,,1,1,5,2+,3
Garran Branatar,2,3665-0286-4cd7-bc33,Imperium - Agents of the Imperium.cat,Imperium - Agents of the Imperium,model,,1,1,5,2+,3
Gellerpox Infected [Legends],2,e1c2-8417-403a-68,Chaos - Chaos Space Marines.cat,Chaos - Chaos Space Marines,unit,125,7,7,5,6+,1
Gellerpox Infected [Legends],2,6d29-1c06-c787-64e0,Chaos - Death Guard.cat,Chaos - Death Guard,unit,125,7,7,5,6+,1
Gellerpox Mutant,2,26f7-e101-e254-1c5f,Chaos - Chaos Space Marines.cat,Chaos - Chaos Space Marines,model,,1,1,5,6+,1
Gellerpox Mutant,2,94a9-7b2e-ad1a-d57e,Chaos - Death Guard.cat,Chaos - Death Guard,model,,1,1,5,6+,1
Ghazghkull Thraka,2,4ea0-6b70-c17c-bc00,Orks.cat,Xenos - Orks,unit,235,2,2,6,2+,10
Ghazghkull Thraka,2,de55-e326-8a31-d7b0,Orks.cat,Xenos - Orks,model,,1,1,6,2+,10
Gladiator Lancer,2,7dec-dc3d-c40a-8ce,Imperium - Black Templars.cat,Imperium - Adeptus Astartes - Black Templars,model,160,1,1,10,3+,12
Gladiator Lancer,2,7814-107b-a498-96f6,Imperium - Space Marines.cat,Imperium - Adeptus Astartes - Space Marines,model,160,1,1,10,3+,12
Gladiator Reaper,2,bfb6-4320-74cf-bbda,Imperium - Black Templars.cat,Imperium - Adeptus Astartes - Black Templars,model,160,1,1,10,3+,12
Gladiator Reaper,2,ed20-824b-7419-aebc,Imperium - Space Marines.cat,Imperium - Adeptus Astartes - Space Marines,model,160,1,1,10,3+,12
Gladiator Valiant,2,5704-ffe4-4a53-8789,Imperium - Black Templars.cat,Imperium - Adeptus Astartes - Black Templars,model,150,1,1,10,3+,12
Gladiator Valiant,2,6b89-8147-9b6b-6db1,Imperium - Space Marines.cat,Imperium - Adeptus Astartes - Space Marines,model,150,1,1,10,3+,12
Gravis Veteran w/ infernus heavy bolter,2,550a-f5c4-d6a9-a09e,Imperium - Deathwatch.cat,Imperium - Adeptus Astartes - Deathwatch,model,,1,1,6,3+,3
Gravis Veteran w/ infernus heavy bolter,2,77a2-7703-4d4f-f30d,Imperium - Agents of the Imperium.cat,Imperium - Agents of the Imperium,model,,1,1,6,3+,3
Great Unclean One,2,d490-6c4d-e83b-b183,Chaos - Chaos Daemons Library.cat,Chaos - Daemons Library,model,25,1,1,12,5+,20
Great Unclean One,2,2425-13a7-77f0-0112,Chaos - Death Guard.cat,Chaos - Death Guard,model,20,1,1,12,5+,20
Gretchin,2,de8f-24f9-c543-92b7,Orks.cat,Xenos - Orks,unit,40,1,3,2,7+,1
Gretchin,2,f019-5df1-88d5-ddc7,Orks.cat,Xenos - Orks,model,,1,1,2,7+,1
Grimnyr,2,6e98-3c8a-32e3-e9f1,Leagues of Votann.cat,Xenos - Leagues of Votann,model,0,1,1,5,4+,4
Grimnyr,2,d3a3-2d20-bd7e-6778,Leagues of Votann.cat,Xenos - Leagues of Votann,unit,65,3,3,5,4+,4
Hastarii Exterminator,2,44fb-e262-3719-3dc4,Imperium - Adeptus Mechanicus.cat,Imperium - Adeptus Mechanicus,model,,1,1,4,3+,2
Hastarii Exterminator,2,8273-2d29-d825-d013,Imperium - Adeptus Mechanicus.cat,Imperium - Adeptus Mechanicus,model,,1,1,4,3+,2
Helbrute,4,9ff2-45e0-fe97-65f8,Chaos - Chaos Space Marines.cat,Chaos - Chaos Space Marines,model,0,1,1,9,2+,8
Helbrute,4,2a2b-643e-860e-b524,Chaos - Death Guard.cat,Chaos - Death Guard,model,115,1,1,9,2+,8
Helbrute,4,5b9d-e3c1-3d55-8276,Chaos - Thousand Sons.cat,Chaos - Thousand Sons,model,0,1,1,9,2+,8
Helbrute,4,273a-db24-3f7c-b977,Chaos - World Eaters.cat,Chaos - World Eaters,model,0,1,1,9,2+,8
Heldrake,4,79e5-a673-cca5-91a4,Chaos - Chaos Space Marines.cat,Chaos - Chaos Space Marines,model,0,1,1,9,3+,12
Heldrake,4,3750-df25-165d-d003,Chaos - Emperor's Children.cat,Chaos - Emperor's Children,model,0,1,1,10,3+,14
Heldrake,4,637a-d542-35aa-e95c,Chaos - Thousand Sons.cat,Chaos - Thousand Sons,model,0,1,1,9,3+,12
Heldrake,4,de2e-8fae-9d22-24a4,Chaos - World Eaters.cat,Chaos - World Eaters,model,0,1,1,9,3+,12
Hell Talon [Legends],4,4893-c42f-4ca8-2b3d,Chaos - Chaos Space Marines.cat,Chaos - Chaos Space Marines,model,0,1,1,9,3+,14
Hell Talon [Legends],4,8cba-21cc-a3b3-91ed,Chaos - Death Guard.cat,Chaos - Death Guard,model,140,1,1,9,3+,14
Hell Talon [Legends],4,3a8-a34f-76aa-b56a,Chaos - Thousand Sons.cat,Chaos - Thousand Sons,model,0,1,1,9,3+,14
Hell Talon [Legends],4,4e04-74aa-2c2f-66d0,Chaos - World Eaters.cat,Chaos - World Eaters,model,0,1,1,9,3+,14
Hellblade [Legends],4,8373-f06d-7680-9de,Chaos - Chaos Space Marines.cat,Chaos - Chaos Space Marines,model,0,1,1,8,3+,10
Hellblade [Legends],4,3e86-ef61-9b87-3658,Chaos - Death Guard.cat,Chaos - Death Guard,model,0,1,1,8,3+,10
Hellblade [Legends],4,c4ab-b52d-3ac0-5d56,Chaos - Thousand Sons.cat,Chaos - Thousand Sons,model,0,1,1,8,3+,10
Hellblade [Legends],4,7320-3dba-703c-b3f0,Chaos - World Eaters.cat,Chaos - World Eaters,model,0,1,1,8,3+,10
Hormagaunts,2,8e0b-d72a-535a-996b,Tyranids.cat,Xenos - Tyranids,model,,1,1,3,5+,1
Hormagaunts,2,f15b-9f9c-9bf0-8160,Tyranids.cat,Xenos - Tyranids,unit,65,10,20,3,5+,1
Hunting Wolf,2,a20d-2456-65bc-a70b,Imperium - Space Wolves.cat,Imperium - Adeptus Astartes - Space Wolves,model,,1,1,4,6+,1
Hunting Wolf,2,aadf-bce7-7d3b-fce5,Imperium - Space Wolves.cat,Imperium - Adeptus Astartes - Space Wolves,model,,1,1,4,6+,1
Impulsor,2,fa27-4bc1-72c9-894f,Imperium - Black Templars.cat,Imperium - Adeptus Astartes - Black Templars,model,85,1,1,9,3+,11
Impulsor,2,bfb1-7512-e1a3-9fa2,Imperium - Space Marines.cat,Imperium - Adeptus Astartes - Space Marines,model,80,1,1,9,3+,11
Incubi,3,1529-793d-481b-82bf,Aeldari - Aeldari Library.cat,Aeldari - Aeldari Library,unit,90,4,9,3,3+,1
Incubi,3,3b51-90d8-a022-d426,Aeldari - Aeldari Library.cat,Aeldari - Aeldari Library,model,,1,1,3,3+,1
Incubi,3,a783-f14f-4278-c2a3,Aeldari - Aeldari Library.cat,Aeldari - Aeldari Library,model,,1,1,3,3+,1
Jensus Natorian,2,16b6-4055-1e55-27d5,Imperium - Deathwatch.cat,Imperium - Adeptus Astartes - Deathwatch,model,,1,1,4,3+,2
Jensus Natorian,2,77b8-5555-5fbc-c219,Imperium - Agents of the Imperium.cat,Imperium - Agents of the Imperium,model,,1,1,4,3+,2
Jetek Suberei,2,cd4a-d623-f7b6-b8e6,Imperium - Deathwatch.cat,Imperium - Adeptus Astartes - Deathwatch,model,,1,1,5,3+,3
Jetek Suberei,2,1aa2-8e1d-c2b9-2961,Imperium - Agents of the Imperium.cat,Imperium - Agents of the Imperium,model,,1,1,5,3+,3
Kairos Fateweaver,2,6df5-f246-6bd-55b8,Chaos - Chaos Daemons Library.cat,Chaos - Daemons Library,model,0,1,1,10,6+,20
Kairos Fateweaver,2,8f70-9bec-9b83-216b,Chaos - Thousand Sons.cat,Chaos - Thousand Sons,model,295,1,1,10,6+,20
Keeper of Secrets,2,a903-dd97-339d-6899,Chaos - Chaos Daemons Library.cat,Chaos - Daemons Library,model,0,1,1,10,5+,18
Keeper of Secrets,2,7b2b-4508-263d-f20f,Chaos - Emperor's Children.cat,Chaos - Emperor's Children,model,25,1,1,10,5+,18
Khorne Berzerker Champion,2,515f-5df0-4b83-e984,Chaos - Chaos Space Marines.cat,Chaos - Chaos Space Marines,model,0,1,1,4,3+,2
Khorne Berzerker Champion,2,38fb-1df5-8eb6-fdf6,Chaos - World Eaters.cat,Chaos - World Eaters,model,0,1,1,4,3+,2
Khorne Berzerkers,2,3832-4208-11e9-ca22,Chaos - Chaos Space Marines.cat,Chaos - Chaos Space Marines,unit,180,10,20,4,3+,2
Khorne Berzerkers,2,f909-00c7-8ba4-018a,Chaos - World Eaters.cat,Chaos - World Eaters,unit,180,10,20,4,3+,2
Khorne Lord of Skulls,2,b27f-1c85-5e7f-4e7d,Chaos - Chaos Space Marines.cat,Chaos - Chaos Space Marines,model,0,1,1,13,3+,24
Khorne Lord of Skulls,2,836c-f65b-6bcb-9663,Chaos - World Eaters.cat,Chaos - World Eaters,model,0,1,1,13,3+,24
Kill Team Cassius [Legends],2,4042-67ce-8d45-ed33,Imperium - Deathwatch.cat,Imperium - Adeptus Astartes - Deathwatch,unit,220,11,11,4,3+,4
Kill Team Cassius [Legends],2,88af-6e47-7162-b1be,Imperium - Agents of the Imperium.cat,Imperium - Agents of the Imperium,unit,220,11,11,4,3+,4
Kill Team Heavy Intercessor,2,84f7-2150-fe04-4f8b,Imperium - Deathwatch.cat,Imperium - Adeptus Astartes - Deathwatch,model,,1,1,6,3+,3
Kill Team Heavy Intercessor,2,61f0-d0c1-d9a8-09b9,Imperium - Agents of the Imperium.cat,Imperium - Agents of the Imperium,model,,1,1,6,3+,3
Kill Team Heavy Intercessor w/ heavy bolter,2,83ce-4339-bfd5-7635,Imperium - Deathwatch.cat,Imperium - Adeptus Astartes - Deathwatch,model,,1,1,6,3+,3
Kill Team Heavy Intercessor w/ Heavy Bolter,2,d211-c487-c433-3434,Imperium - Agents of the Imperium.cat,Imperium - Agents of the Imperium,model,,1,1,6,3+,3
Kill Team Heavy Intercessor w/ melta rifle,2,d171-7d41-4be1-3382,Imperium - Deathwatch.cat,Imperium - Adeptus Astartes - Deathwatch,model,,1,1,6,3+,3
Kill Team Heavy Intercessor w/ melta rifle,2,4ea6-0fa5-8a0d-ce6d,Imperium - Agents of the Imperium.cat,Imperium - Agents of the Imperium,model,,1,1,6,3+,3
Kill Team Heavy Intercessor w/ multi-melta,2,a666-891-4187-a82,Imperium - Deathwatch.cat,Imperium - Adeptus Astartes - Deathwatch,model,,1,1,6,3+,3
Kill Team Heavy Intercessor w/ Multi-melta,2,e1c7-deba-4893-e043,Imperium - Agents of the Imperium.cat,Imperium - Agents of the Imperium,model,,1,1,6,3+,3
Kill Team Heavy Intercessor w/ power fists & auto boltstorm gauntlets,2,31bd-dd30-6128-356e,Imperium - Deathwatch.cat,Imperium - Adeptus Astartes - Deathwatch,model,,1,1,6,3+,3
Kill Team Heavy Intercessor w/ power fists & auto boltstorm gauntlets,2,46f0-e2c9-0116-353b,Imperium - Agents of the Imperium.cat,Imperium - Agents of the Imperium,model,,1,1,6,3+,3
Kill Team Heavy Intercessor w/ power fists & flamestorm gauntlets,2,0d9b-e508-49a1-0b5f,Imperium - Deathwatch.cat,Imperium - Adeptus Astartes - Deathwatch,model,,1,1,6,3+,3
Kill Team Heavy Intercessor w/ power fists & flamestorm gauntlets,2,ec81-a1af-ba62-03fa,Imperium - Agents of the Imperium.cat,Imperium - Agents of the Imperium,model,,1,1,6,3+,3
Kill Team Infiltrator,2,a39b-9d32-c3ee-a14f,Imperium - Deathwatch.cat,Imperium - Adeptus Astartes - Deathwatch,model,,1,1,4,3+,2
Kill Team Infiltrator,2,0da5-7d61-1721-e2cf,Imperium - Agents of the Imperium.cat,Imperium - Agents of the Imperium,model,,1,1,4,3+,2
Kill Team Infiltrator w/ bolt sniper rifle,2,ca58-2c6d-1b85-bc76,Imperium - Deathwatch.cat,Imperium - Adeptus Astartes - Deathwatch,model,,1,1,4,3+,2
Kill Team Infiltrator w/ Bolt sniper rifle,2,8006-f951-b05e-0fdb,Imperium - Agents of the Imperium.cat,Imperium - Agents of the Imperium,model,,1,1,4,3+,2
Kill Team Infiltrator w/ combat knife,2,1ed9-356c-5051-e11d,Imperium - Deathwatch.cat,Imperium - Adeptus Astartes - Deathwatch,model,,1,1,4,3+,2
Kill Team Infiltrator w/ combat knife,2,c43c-4e45-28b9-959b,Imperium - Agents of the Imperium.cat,Imperium - Agents of the Imperium,model,,1,1,4,3+,2
Kill Team Infiltrator w/ occulus bolt carbine,2,477e-f891-4b7c-e003,Imperium - Deathwatch.cat,Imperium - Adeptus Astartes - Deathwatch,model,,1,1,4,3+,2
Kill Team Infiltrator w/ occulus bolt carbine,2,70b7-ed73-cf16-471d,Imperium - Agents of the Imperium.cat,Imperium - Agents of the Imperium,model,,1,1,4,3+,2
Kill Team Sergeant,3,4962-be6c-d809-e206,Imperium - Deathwatch.cat,Imperium - Adeptus Astartes - Deathwatch,model,,1,1,4,3+,2
Kill Team Sergeant,3,ab41-fdc1-8d0f-bb74,Imperium - Deathwatch.cat,Imperium - Adeptus Astartes - Deathwatch,model,,1,1,4,3+,2
Kill Team Sergeant,3,e05a-fe00-3df3-d551,Imperium - Agents of the Imperium.cat,Imperium - Agents of the Imperium,model,,1,1,4,3+,2
Klaivex,2,b73a-a76f-3233-d588,Aeldari - Aeldari Library.cat,Aeldari - Aeldari Library,model,,1,1,3,3+,2
Klaivex,2,eb7f-da51-30e-2742,Aeldari - Aeldari Library.cat,Aeldari - Aeldari Library,model,,1,1,3,3+,2
Land Raider,2,8cca-9318-3bec-d360,Imperium - Space Marines.cat,Imperium - Adeptus Astartes - Space Marines,model,220,1,1,12,2+,16
Land Raider,2,512d-b972-911e-4cac,Imperium - Grey Knights.cat,Imperium - Grey Knights,model,0,1,1,12,2+,16
Land Raider Crusader,3,8525-2de1-14fd-c1f5,Imperium - Black Templars.cat,Imperium - Adeptus Astartes - Black Templars,model,220,1,1,12,2+,16
Land Raider Crusader,3,1d65-c592-2e16-b045,Imperium - Space Marines.cat,Imperium - Adeptus Astartes - Space Marines,model,220,1,1,12,2+,16
Land Raider Crusader,3,4c63-cca-8d26-6330,Imperium - Grey Knights.cat,Imperium - Grey Knights,model,0,1,1,12,2+,16
Land Raider Redeemer,2,d361-a36e-1448-264d,Imperium - Space Marines.cat,Imperium - Adeptus Astartes - Space Marines,model,270,1,1,12,2+,16
Land Raider Redeemer,2,ada7-eb0b-c920-d77f,Imperium - Grey Knights.cat,Imperium - Grey Knights,model,0,1,1,12,2+,16
Lesk's Hero,4,2e95-479e-8c46-956d,Imperium - Astra Militarum - Library.cat,Imperium - Astra Militarum - Library,model,,1,1,3,5+,2
Lesk's Hero,4,68e3-e975-c00e-cf4c,Imperium - Astra Militarum - Library.cat,Imperium - Astra Militarum - Library,model,,1,1,3,5+,2
Lesk's Hero,4,d763-f52e-5797-67c0,Imperium - Astra Militarum - Library.cat,Imperium - Astra Militarum - Library,model,,1,1,3,5+,2
Lesk's Hero,4,f13b-f830-0b6b-7d25,Imperium - Astra Militarum - Library.cat,Imperium - Astra Militarum - Library,model,,1,1,3,5+,2
Lord of Change,2,3600-9f92-933-bf54,Chaos - Chaos Daemons Library.cat,Chaos - Daemons Library,model,0,1,1,10,6+,18
Lord of Change,2,c964-c75a-2a9d-e451,Chaos - Thousand Sons.cat,Chaos - Thousand Sons,model,10,1,1,10,6+,18
Master of Executions,2,da34-7071-8658-a453,Chaos - Chaos Space Marines.cat,Chaos - Chaos Space Marines,model,0,1,1,4,3+,4
Master of Executions,2,1b56-682c-ac33-bc5f,Chaos - World Eaters.cat,Chaos - World Eaters,model,0,1,1,4,3+,4
Maulerfiend,4,d37d-7e8f-341b-c67c,Chaos - Chaos Space Marines.cat,Chaos - Chaos Space Marines,model,0,1,1,10,3+,12
Maulerfiend,4,656c-8b78-8e59-0591,Chaos - Emperor's Children.cat,Chaos - Emperor's Children,model,0,1,1,10,3+,12
Maulerfiend,4,f2aa-19fd-335a-09b3,Chaos - Thousand Sons.cat,Chaos - Thousand Sons,model,0,1,1,10,3+,12
Maulerfiend,4,a619-8a52-be03-3bd5,Chaos - World Eaters.cat,Chaos - World Eaters,model,0,1,1,10,3+,12
Ministorum Priest,3,599d-1e2a-eb0e-430e,Imperium - Adepta Sororitas.cat,Imperium - Adepta Sororitas,model,25,1,1,3,6+,3
Ministorum Priest,3,7554-37de-cd68-68a7,Imperium - Agents of the Imperium.cat,Imperium - Agents of the Imperium,model,10,1,1,3,6+,3
Ministorum Priest,3,ba72-7b05-33c9-a1c0,Imperium - Astra Militarum - Library.cat,Imperium - Astra Militarum - Library,model,15,1,1,3,6+,3
Mutoid Vermin [Legends],2,afed-8173-a1e0-cbae,Chaos - Chaos Space Marines.cat,Chaos - Chaos Space Marines,unit,85,16,16,2,7+,1
Mutoid Vermin [Legends],2,2dfd-cddb-9fef-494b,Chaos - Death Guard.cat,Chaos - Death Guard,unit,85,16,16,2,7+,1
Myphitic Blight-hauler,2,35b2-7490-1a7b-cd99,Chaos - Death Guard.cat,Chaos - Death Guard,unit,100,1,2,9,3+,10
Myphitic Blight-hauler,2,364c-e8a8-cc5b-5b02,Chaos - Death Guard.cat,Chaos - Death Guard,model,100,1,1,9,3+,10
Nightmare Hulk,2,7e22-590b-fdd7-8475,Chaos - Chaos Space Marines.cat,Chaos - Chaos Space Marines,model,,1,1,5,6+,4
Nightmare Hulk,2,c182-37fd-547d-861,Chaos - Death Guard.cat,Chaos - Death Guard,model,,1,1,5,6+,4
Noise Marine w/ blastmaster,2,5f97-322c-62cc-c66a,Chaos - Chaos Space Marines.cat,Chaos - Chaos Space Marines,model,0,1,1,5,3+,2
Noise Marine w/ blastmaster,2,f6c0-be94-3353-3376,Chaos - Emperor's Children.cat,Chaos - Emperor's Children,model,0,1,1,5,3+,2
Noise Marine w/ sonic blaster,2,8e9e-4b90-1f61-2a22,Chaos - Chaos Space Marines.cat,Chaos - Chaos Space Marines,model,0,1,1,5,3+,2
Noise Marine w/ sonic blaster,2,3dfa-a8d4-464a-ccf6,Chaos - Emperor's Children.cat,Chaos - Emperor's Children,model,0,1,1,5,3+,2
Noise Marines,2,371f-09ee-951e-88b3,Chaos - Chaos Space Marines.cat,Chaos - Chaos Space Marines,unit,145,6,6,5,3+,2
Noise Marines,2,5817-0d6c-973c-68f8,Chaos - Emperor's Children.cat,Chaos - Emperor's Children,unit,145,6,6,5,3+,2
Nurglings,2,e403-3a9-279e-41b7,Chaos - Chaos Daemons Library.cat,Chaos - Daemons Library,unit,40,3,6,3,7+,4
Nurglings,2,7e32-0162-71e2-57a0,Chaos - Death Guard.cat,Chaos - Death Guard,unit,40,3,6,3,7+,4
Pink Horror,2,c34d-3170-c314-148e,Chaos - Chaos Daemons Library.cat,Chaos - Daemons Library,model,0,1,1,3,7+,1
Pink Horror,2,884b-a88a-9eaa-88d3,Chaos - Thousand Sons.cat,Chaos - Thousand Sons,model,,1,1,3,7+,1
Pink Horrors,2,e7b8-aa40-6da7-778e,Chaos - Chaos Daemons Library.cat,Chaos - Daemons Library,unit,140,10,10,3,7+,1
Pink Horrors,2,4c73-cbd1-f052-80c3,Chaos - Thousand Sons.cat,Chaos - Thousand Sons,unit,115,10,10,3,7+,1
Plague Drones,2,d620-146a-41cd-f28f,Chaos - Chaos Daemons Library.cat,Chaos - Daemons Library,unit,110,3,6,8,6+,5
Plague Drones,2,cd03-e1f3-fa31-a271,Chaos - Death Guard.cat,Chaos - Death Guard,unit,115,3,6,8,6+,5
Plague Marines,2,9030-f62d-417-fc92,Chaos - Chaos Space Marines.cat,Chaos - Chaos Space Marines,unit,95,5,10,6,3+,2
Plague Marines,2,8467-b3a2-2597-de0d,Chaos - Death Guard.cat,Chaos - Death Guard,unit,95,5,10,6,3+,2
Plaguebearers,2,d1eb-b092-d944-e729,Chaos - Chaos Daemons Library.cat,Chaos - Daemons Library,unit,110,10,10,5,7+,2
Plaguebearers,2,904b-0319-7b2e-2145,Chaos - Death Guard.cat,Chaos - Death Guard,unit,110,10,10,5,7+,2
Ratlings,2,8293-a070-2c87-de30,Imperium - Astra Militarum - Library.cat,Imperium - Astra Militarum - Library,unit,60,5,11,2,6+,1
Ratlings,2,c9f8-bfb9-b363-39d2,Imperium - Astra Militarum - Library.cat,Imperium - Astra Militarum - Library,model,,1,1,2,6+,1
Ravener,2,79c8-bd29-5655-57c7,Library - Tyranids.cat,Library - Tyranids,model,,1,1,5,4+,3
Ravener,2,a62b-244e-b877-55e6,Library - Tyranids.cat,Library - Tyranids,model,,1,1,5,4+,3
Razorback,2,ed11-25b9-a0eb-89f4,Imperium - Space Marines.cat,Imperium - Adeptus Astartes - Space Marines,model,95,1,1,9,3+,10
Razorback,2,841f-98b-fbf3-c8ee,Imperium - Grey Knights.cat,Imperium - Grey Knights,model,0,1,1,9,3+,10
Repulsor,2,c3e8-3cde-8b39-4b19,Imperium - Black Templars.cat,Imperium - Adeptus Astartes - Black Templars,model,180,1,1,12,3+,16
Repulsor,2,e8e-fc5c-c689-99ca,Imperium - Space Marines.cat,Imperium - Adeptus Astartes - Space Marines,model,180,1,1,12,3+,16
Repulsor Executioner,2,a344-192f-aae2-16e5,Imperium - Black Templars.cat,Imperium - Adeptus Astartes - Black Templars,model,235,1,1,12,3+,16
Repulsor Executioner,2,9259-f166-15f2-7f79,Imperium - Space Marines.cat,Imperium - Adeptus Astartes - Space Marines,model,230,1,1,12,3+,16
Rhino,2,a14e-75ca-ef91-397f,Imperium - Space Marines.cat,Imperium - Adeptus Astartes - Space Marines,model,75,1,1,9,3+,10
Rhino,2,5ffd-f698-a1bb-fba7,Imperium - Grey Knights.cat,Imperium - Grey Knights,model,80,1,1,9,3+,10
Rodricus Grytt,2,572c-d3a3-e597-94a3,Imperium - Deathwatch.cat,Imperium - Adeptus Astartes - Deathwatch,model,,1,1,4,3+,2
Rodricus Grytt,2,26c6-0204-cc68-3994,Imperium - Agents of the Imperium.cat,Imperium - Agents of the Imperium,model,,1,1,4,3+,2
Rotigus,2,cff8-7388-a2c9-946c,Chaos - Chaos Daemons Library.cat,Chaos - Daemons Library,model,0,1,1,12,5+,22
Rotigus,2,66dd-f8c9-f9a6-0e6b,Chaos - Death Guard.cat,Chaos - Death Guard,model,0,1,1,12,5+,22
Rubric Marines,2,f2e7-80c9-853d-2c6c,Chaos - Chaos Space Marines.cat,Chaos - Chaos Space Marines,unit,100,5,10,4,3+,2
Rubric Marines,2,5d3d-e13b-8b76-dad3,Chaos - Thousand Sons.cat,Chaos - Thousand Sons,unit,100,5,10,4,3+,2
Saint Celestine,2,21f1-8ed6-52c6-54c7,Imperium - Adepta Sororitas.cat,Imperium - Adepta Sororitas,unit,150,1,1,3,2+,5
Saint Celestine,2,d554-ccc6-790-461,Imperium - Adepta Sororitas.cat,Imperium - Adepta Sororitas,model,,1,1,3,2+,5
Sanctifiers,2,eade-6ec7-7236-bfdb,Imperium - Adepta Sororitas.cat,Imperium - Adepta Sororitas,unit,110,9,11,3,6+,1
Sanctifiers,2,4e74-3710-7a66-9d6c,Imperium - Agents of the Imperium.cat,Imperium - Agents of the Imperium,unit,100,9,11,3,6+,1
Sanguinary Guard,2,25e4-ead-faac-2531,Imperium - Blood Angels.cat,Imperium - Adeptus Astartes - Blood Angels,unit,125,3,6,4,2+,3
Sanguinary Guard,2,8e33-50a5-d053-ee15,Imperium - Blood Angels.cat,Imperium - Adeptus Astartes - Blood Angels,model,,1,1,4,2+,3
Screamers,2,550b-c5ab-5e27-f59b,Chaos - Chaos Daemons Library.cat,Chaos - Daemons Library,unit,80,3,6,4,6+,3
Screamers,2,7cbe-2406-8e67-aff5,Chaos - Thousand Sons.cat,Chaos - Thousand Sons,unit,80,3,6,4,6+,3
Seeker,2,932d-4b2d-c45a-f402,Chaos - Chaos Daemons Library.cat,Chaos - Daemons Library,model,0,1,1,4,7+,2
Seeker,2,5654-5f33-e6ee-3549,Chaos - Emperor's Children.cat,Chaos - Emperor's Children,model,0,1,1,4,7+,2
Seekers,2,112d-8078-777f-76a5,Chaos - Chaos Daemons Library.cat,Chaos - Daemons Library,unit,80,5,10,4,7+,2
Seekers,2,c9df-2c38-25e5-ffc7,Chaos - Emperor's Children.cat,Chaos - Emperor's Children,unit,80,5,10,4,7+,2
Servitors [Legends],2,2183-5b38-1726-2a11,Imperium - Adeptus Mechanicus.cat,Imperium - Adeptus Mechanicus,unit,50,4,4,3,4+,1
Servitors [Legends],2,35ed-7890-6c56-18b7,Imperium - Grey Knights.cat,Imperium - Grey Knights,unit,50,4,4,4,4+,1
Shalaxi Helbane,2,c49d-5ebc-4ee4-689e,Chaos - Chaos Daemons Library.cat,Chaos - Daemons Library,model,0,1,1,10,3+,20
Shalaxi Helbane,2,20df-143c-fc59-77e0,Chaos - Emperor's Children.cat,Chaos - Emperor's Children,model,0,1,1,10,3+,20
Skarbrand,2,7998-d0a-baa4-e8b3,Chaos - Chaos Daemons Library.cat,Chaos - Daemons Library,model,0,1,1,11,3+,20
Skarbrand,2,71d9-9dc2-2b9a-6db3,Chaos - World Eaters.cat,Chaos - World Eaters,model,0,1,1,11,3+,20
Sorcerer,3,980d-c80a-19b2-f641,Chaos - Chaos Space Marines.cat,Chaos - Chaos Space Marines,model,0,1,1,4,3+,4
Sorcerer,3,2cd1-13f5-d59d-cc7f,Chaos - Emperor's Children.cat,Chaos - Emperor's Children,model,25,1,1,4,3+,4
Sorcerer,3,af1e-9a3d-785c-47f8,Chaos - Thousand Sons.cat,Chaos - Thousand Sons,model,0,1,1,4,3+,4
Sorcerer in Terminator Armour,2,683f-bfb2-f8d0-c39e,Chaos - Chaos Space Marines.cat,Chaos - Chaos Space Marines,model,0,1,1,5,2+,5
Sorcerer in Terminator Armour,2,c6d1-e73b-9d26-5d8b,Chaos - Thousand Sons.cat,Chaos - Thousand Sons,model,0,1,1,5,2+,5
Sorcerer on Disc of Tzeentch [Legends],2,5205-d436-bedd-e3df,Chaos - Chaos Space Marines.cat,Chaos - Chaos Space Marines,model,0,1,1,4,3+,5
Sorcerer on Disc of Tzeentch [Legends],2,ef19-b2dd-72ae-4f96,Chaos - Thousand Sons.cat,Chaos - Thousand Sons,model,0,1,1,4,3+,5
Sorcerer on Palanquin of Nurgle [Legends],2,c8b4-e13c-1a3a-7b55,Chaos - Chaos Space Marines.cat,Chaos - Chaos Space Marines,model,0,1,1,5,3+,7
Sorcerer on Palanquin of Nurgle [Legends],2,474-6b31-df19-2b49,Chaos - Death Guard.cat,Chaos - Death Guard,model,20,1,1,5,3+,7
Sternguard Veteran Sergeant,2,17d3-c73e-ed8b-f5b0,Imperium - Black Templars.cat,Imperium - Adeptus Astartes - Black Templars,model,,1,1,4,3+,2
Sternguard Veteran Sergeant,2,97cd-6365-ce27-d73f,Imperium - Space Marines.cat,Imperium - Adeptus Astartes - Space Marines,model,,1,1,4,3+,2
Sternguard Veteran Squad,2,a499-86fa-4d0c-b06d,Imperium - Black Templars.cat,Imperium - Adeptus Astartes - Black Templars,unit,85,6,11,4,3+,2
Sternguard Veteran Squad,2,907f-11-c4d1-ec21,Imperium - Space Marines.cat,Imperium - Adeptus Astartes - Space Marines,unit,100,6,11,4,3+,2
Sternguard Veteran w/ Bolt Rifle,2,26ce-cb2b-7a9b-b2c6,Imperium - Black Templars.cat,Imperium - Adeptus Astartes - Black Templars,model,,1,1,4,3+,2
Sternguard Veteran w/ Bolt Rifle,2,5700-4122-349a-e5da,Imperium - Space Marines.cat,Imperium - Adeptus Astartes - Space Marines,model,,1,1,4,3+,2
Sternguard Veteran w/ Combi-weapon,2,cea5-8e9b-e115-a293,Imperium - Black Templars.cat,Imperium - Adeptus Astartes - Black Templars,model,,1,1,4,3+,2
Sternguard Veteran w/ Combi-weapon,2,e2b3-464a-a329-99ec,Imperium - Space Marines.cat,Imperium - Adeptus Astartes - Space Marines,model,,1,1,4,3+,2
Sternguard Veteran w/ Special Weapon,2,4ea5-5b69-8543-9af3,Imperium - Black Templars.cat,Imperium - Adeptus Astartes - Black Templars,model,,1,1,4,3+,2
Sternguard Veteran w/ Special Weapon,2,afda-2132-147f-d0f1,Imperium - Space Marines.cat,Imperium - Adeptus Astartes - Space Marines,model,,1,1,4,3+,2
Stormhawk Interceptor,2,3d99-47aa-8cf3-883f,Imperium - Space Marines.cat,Imperium - Adeptus Astartes - Space Marines,model,155,1,1,9,3+,10
Stormhawk Interceptor,2,fa-e288-2107-d22e,Imperium - Grey Knights.cat,Imperium - Grey Knights,model,160,1,1,9,3+,10
Stormraven Gunship,2,469b-3370-30f3-473a,Imperium - Space Marines.cat,Imperium - Adeptus Astartes - Space Marines,model,280,1,1,10,3+,14
Stormraven Gunship,2,2efe-459b-9562-e7a9,Imperium - Grey Knights.cat,Imperium - Grey Knights,model,0,1,1,10,3+,14
Stormtalon Gunship,2,1bb6-878e-7af1-5bdb,Imperium - Space Marines.cat,Imperium - Adeptus Astartes - Space Marines,model,165,1,1,8,3+,10
Stormtalon Gunship,2,84ac-b9ea-921f-9082,Imperium - Grey Knights.cat,Imperium - Grey Knights,model,0,1,1,9,3+,10
Sword Brother,3,40e4-11f1-529f-441d,Imperium - Black Templars.cat,Imperium - Adeptus Astartes - Black Templars,model,,1,1,4,3+,2
Sword Brother,3,49a9-1a03-6520-3a64,Imperium - Black Templars.cat,Imperium - Adeptus Astartes - Black Templars,model,,1,1,4,3+,2
Sword Brother,3,b3a3-f1ea-c706-bc9,Imperium - Black Templars.cat,Imperium - Adeptus Astartes - Black Templars,model,,1,1,4,3+,3
Talos,2,5c5f-b70b-f6ee-a81e,Aeldari - Aeldari Library.cat,Aeldari - Aeldari Library,unit,80,1,2,7,3+,7
Talos,2,6065-abbb-b1a0-4800,Aeldari - Aeldari Library.cat,Aeldari - Aeldari Library,model,,1,1,7,3+,7
Tech-Priest Enginseer,2,c0e0-4d86-96d2-ec86,Imperium - Adeptus Mechanicus.cat,Imperium - Adeptus Mechanicus,model,30,1,1,4,3+,3
Tech-Priest Enginseer,2,f556-a33d-dc90-d6fc,Imperium - Astra Militarum - Library.cat,Imperium - Astra Militarum - Library,model,15,1,1,4,3+,3
Terminator Sergeant,2,7192-aac9-a0c5-8325,Imperium - Black Templars.cat,Imperium - Adeptus Astartes - Black Templars,model,,1,1,5,2+,3
Terminator Sergeant,2,fb66-6493-2f32-b659,Imperium - Space Marines.cat,Imperium - Adeptus Astartes - Space Marines,model,,1,1,5,2+,3
Terminator Squad,2,80ad-6e62-65e3-e667,Imperium - Black Templars.cat,Imperium - Adeptus Astartes - Black Templars,unit,175,6,11,5,2+,3
Terminator Squad,2,4808-a80b-309a-7933,Imperium - Space Marines.cat,Imperium - Adeptus Astartes - Space Marines,unit,170,6,11,5,2+,3
Terminator w/ Chain Fist,2,ce2a-a7d6-ed01-aaf3,Imperium - Black Templars.cat,Imperium - Adeptus Astartes - Black Templars,model,,1,1,5,2+,3
Terminator w/ Chain Fist,2,3779-91fa-e79a-bf2a,Imperium - Space Marines.cat,Imperium - Adeptus Astartes - Space Marines,model,,1,1,5,2+,3
Terminator w/ Heavy Weapon,2,21e4-5f17-9fed-f014,Imperium - Black Templars.cat,Imperium - Adeptus Astartes - Black Templars,model,,1,1,5,2+,3
Terminator w/ Heavy Weapon,2,b3c5-2c6-4592-ba51,Imperium - Space Marines.cat,Imperium - Adeptus Astartes - Space Marines,model,,1,1,5,2+,3
Terminator w/ Power Fist,2,6595-1cf4-cefb-3621,Imperium - Black Templars.cat,Imperium - Adeptus Astartes - Black Templars,model,,1,1,5,2+,3
Terminator w/ Power Fist,2,2-e9c0-140-a1ef,Imperium - Space Marines.cat,Imperium - Adeptus Astartes - Space Marines,model,,1,1,5,2+,3
Terrax-Pattern Termite [Legends],2,3639-75ba-cab2-c159,Imperium - Adeptus Mechanicus.cat,Imperium - Adeptus Mechanicus,model,200,1,1,10,3+,14
Terrax-pattern Termite [Legends],2,3d36-e9d7-54c5-deb7,Library - Astartes Heresy Legends.cat,Library - Astartes Heresy Legends,model,0,1,1,10,3+,14
Traitor Enforcer,2,8a02-ece-4789-716d,Chaos - Chaos Space Marines.cat,Chaos - Chaos Space Marines,model,0,1,1,3,5+,3
Traitor Enforcer,2,f69d-2171-5f95-9c88,Chaos - Chaos Space Marines.cat,Chaos - Chaos Space Marines,unit,55,2,2,3,5+,3
Tyranid Prime,2,8835-f9f5-81a6-ac7,Tyranids.cat,Xenos - Tyranids,model,25,1,1,5,4+,3
Tyranid Prime,2,c72e-ae7c-a135-5ad,Tyranids.cat,Xenos - Tyranids,model,25,1,1,5,4+,3
Tyranid Warrior,2,77c-c54c-a81d-865,Tyranids.cat,Xenos - Tyranids,model,0,1,1,5,4+,3
Tyranid Warrior,2,b06f-f43f-b770-da19,Tyranids.cat,Xenos - Tyranids,model,0,1,1,5,4+,3
Tyrant Guard,2,1645-5407-92c8-1441,Tyranids.cat,Xenos - Tyranids,unit,80,3,6,8,3+,4
Tyrant Guard,2,a827-afc9-ca29-b723,Tyranids.cat,Xenos - Tyranids,model,,1,1,8,3+,4
Vael Donatus,2,fe0a-b5eb-1e1a-21bc,Imperium - Deathwatch.cat,Imperium - Adeptus Astartes - Deathwatch,model,,1,1,4,3+,2
Vael Donatus,2,907f-288d-bd1f-d47f,Imperium - Agents of the Imperium.cat,Imperium - Agents of the Imperium,model,,1,1,4,3+,2
Venerable Dreadnought,2,c125-1106-f06d-9682,Imperium - Space Wolves.cat,Imperium - Adeptus Astartes - Space Wolves,model,130,1,1,9,2+,8
Venerable Dreadnought,2,bd43-b303-66e0-4c10,Imperium - Grey Knights.cat,Imperium - Grey Knights,model,20,1,1,9,2+,8
Veteran Biker Sergeant,2,5e06-5bfc-3c63-214e,Imperium - Space Marines.cat,Imperium - Adeptus Astartes - Space Marines,model,,1,1,5,3+,2
Veteran Biker Sergeant,2,5d12-adc5-6312-52d5,Imperium - Agents of the Imperium.cat,Imperium - Agents of the Imperium,model,,1,1,5,3+,3
Veteran Guardsman w/ Master vox,2,6add-45c6-1f7f-e50c,Imperium - Astra Militarum - Library.cat,Imperium - Astra Militarum - Library,model,,1,1,3,5+,1
Veteran Guardsman w/ Master vox,2,bc00-4539-cb3a-5a22,Imperium - Astra Militarum - Library.cat,Imperium - Astra Militarum - Library,model,,1,1,3,5+,1
Veteran Guardsman w/ Regimental standard,2,66f4-ce88-b2c5-0b46,Imperium - Astra Militarum - Library.cat,Imperium - Astra Militarum - Library,model,,1,1,3,5+,1
Veteran Guardsman w/ Regimental standard,2,991f-f0fa-0515-7512,Imperium - Astra Militarum - Library.cat,Imperium - Astra Militarum - Library,model,,1,1,3,5+,1
Watch Captain Artemis,2,3d7c-2de-31ea-b028,Imperium - Deathwatch.cat,Imperium - Adeptus Astartes - Deathwatch,model,0,1,1,4,3+,4
Watch Captain Artemis,2,f158-1e0b-585b-bf40,Imperium - Agents of the Imperium.cat,Imperium - Agents of the Imperium,model,65,1,1,4,3+,4
Watch Master,2,f7c3-45d2-a7ac-d8bc,Imperium - Deathwatch.cat,Imperium - Adeptus Astartes - Deathwatch,model,25,1,1,4,2+,5
Watch Master,2,cfa5-df26-a886-9975,Imperium - Agents of the Imperium.cat,Imperium - Agents of the Imperium,model,95,1,1,4,2+,5
Wraithguard,2,5049-c34-3679-6ab9,Aeldari - Aeldari Library.cat,Aeldari - Aeldari Library,model,0,1,1,6,2+,3
Wraithguard,2,5aa4-107-d7ee-f0f3,Aeldari - Aeldari Library.cat,Aeldari - Aeldari Library,unit,160,5,5,6,2+,3
Zameon Gydrael,2,743c-f14-a2c2-a12c,Imperium - Deathwatch.cat,Imperium - Adeptus Astartes - Deathwatch,model,,1,1,4,3+,2
Zameon Gydrael,2,a803-e6b1-4646-99af,Imperium - Agents of the Imperium.cat,Imperium - Agents of the Imperium,model,,1,1,4,3+,2
